species,fire_response,post_fire_recovery,page
Eucalyptus cornuta,RS ep,,140
Eucalyptus conferruminata,OSC,,140
Eucalyptus megacarpa,RS ep /OSC,,140
Acacia sulcata ssp. sulcata,OSS,,140
Andersonia sprengelioides,OSS,rapid,140
Andersonia setifolia,OSS,,140
Anthocercis viscosa,RS,,140
Banksia verticillata,OSC,slow,140
Banksia formosa,OSC,medium,140
Calothamnus quadrifidus,RS,,140
Calytrix sp. Esperance,OSS?,,140
Chamelaucium forrestii ssp. orarium,OSS?,,140
Darwinia citriodora,OSS,rapid,140
Daviesia horrida,RS,,140
Dodanaea ceratocarpa,RS,,140
Eutaxia myrtifolia,OSS,rapid,140
Gastrolobium bilobum,OSS,rapid,140
Gastrolobium brownii,,,140
Gastrolobium coriaceum,OSS,,140
Hakea drupaceae,OSC,,140
Hakea elliptica,OSC,slow,140
Isopogon formosus,OSC,rapid to medium,140
Leucopogon altissimus,OSS,,140
Melaleuca diosmifolia,OSC,slow,140
Melaleuca lanceolata,OSC,slow,140
Prostanthera verticllaris,OSS,,140
Ricinocarpus glaucus,OSS,rapid,140
Sphenotoma drummondii,OSS,slow,140
Taxandria marginata,RS/ OSC,,140
Thomasia discolor,OSS,,140
Thryptomene saxicola,RS/OSC,,140
Verticordia plumosa,OSS,,140
Asplenium aethiopicum,Fern,,140
Eucalyptus retusa,RS,,141
Eucalyptus cuspidata,RS,,141
Eucalyptus retusa x cornuta,RS,,141
Eucalyptus retusa x cuspidata,RS,,141
Eucalyptus decipiens subsp adesmo.,RS,,141
Eucalyptus notactites,RS,,141
Grevillea sp. 'nivea',OSS,,141
Thryptomene saxicola,RS/OSC,,141
Agonis flexuosa,RS/OSC,,141
Hakea victoria,OSC,,141
Banksia dryandroides,OSC,,141
Eucalyptus retusa,RS,,141
Eucalyptus retusa x cornuta,RS,,141
Eucalyptus cornuta,RSE,,141
Eucalyptus decipiens subsp. adesmo.,RS,,141
Eucalyptus notactites,RS,,141
Anthocercis viscosa,RS,,141
Calothamnus quadrifidus,RS,,141
Kunzea baxteri,OSC,,141
Agonis flexuosa,OSC/RS,,141
Banksia violaceae,OSC,,141
Allocasuarina trichodon,OSC,,141
Callitris preissii,OSC,slow,141
Eucalyptus cornuta,RS ep,,141
Eucalyptus conferruminata,OSC,slow,141
Eucalyptus doratoxylon,RS ep,,141
Eycalyptus sweedmaniana,RS,,141
Eucalyptus utilis,OSC,slow,141
Acacia myrtifolia,OSS,,142
Agonis baxteri,RS,,142
Allocasuarina campestris,?OSC,,142
Anthocercis viscosa ssp. caudata,?OSS,,142
Banksia armata var. ignicida,OSC,,142
Bossiaea dentata,OSS,,142
Calothamnus quadrifidus,RS,,142
Calothamnus villosus,OSC,,142
Dillwynia pungens,OSS,,142
Dodanaea ceratocarpa,RS,,142
Dodanaea viscosa,OSS,,142
Eutaxia myrtifolia,OSS,rapid,142
Gastrolobium bilobum,OSS,rapid,142
Goodenia scapigera,OSS,,142
Grevillea concinna ssp. concinna,OSS,,142
Grevillea oligantha,OSS,,142
Hakea clavata,OSC,,142
Hakea drupaceae,OSC,,142
Kunzea baxteri,OSS,,142
Lambertia echinata ssp. echinata,OSC,,142
Leptospermum sericeum,?OSC,,142
Leucopogon interruptus,OSS,,142
Melaleuca elliptica,RS/OSC,medium,142
Melaleuca fulgens,RS,,142
Melaleuca globiferra,R/OSC,,142
Mirbelia dilatata,OSS,rapid,142
Taxandria callistachys,,,142
Taxandria marginata,RS/OSC,,142
Thryptomene australis,OSC,,142
Anigozanthos gabrielae,Annual,rapid,142
Eucalyptus cornuta,RS ep,,143
Eucalyptus virgineae,RS,,143
Eucalyptus megacarpa,RS ep / OSC,,143
Acacia sulcata ssp. sulcata,OSS,,143
Andersonia hammerslyeana,OSS,medium,143
Andersonia sprengelioides,OSS,rapid,143
Andersonia setifolia,OSS,,143
Andersonia virolens,OSS,rapid,143
Banksia formosa,OSC,medium,143
Borya longioscapa,RS/OSS,,143
Cryptandra congesta,,,143
Grevillea fuscolutea,OSS,,143
Calothamnus quadrifidus,RS,,143
Calothamnus sp. Mt Lindesay,RS/OSC,medium - slow,143
Calytrix sp. Esperance,OSS,,143
Chamelaucium forrestii ssp. forrestii,OSS,,143
Darwinia citriodora,OSS,rapid,143
Dodanaea ceratocarpa,RS,,143
Eutaxia myrtifolia,OSS,rapid,143
Gastrolobium bilobum,OSS,rapid,143
Gastrolobium brownii,OSS,rapid,143
Gastrolobium coriaceum,OSS,,143
Hemigena humilis,,,143
Hemigena podlyarina,,,143
Isopogon formosus,OSC,rapid to medium,143
Lasiopetalum sp. Denmark,OSS,rapid to medium,143
Leucopogon sp. Southern granite,,,143
Olearia paucidentata,OSS,,143
Ricinocarpus glaucus,OSS,rapid,143
Sphenotoma drummondii,OSS,slow,143
Taxandria conspicua,,,143
Taxandria marginata,,,143
Thryptomene saxicola,RS/OSC,,143
Verticordia endlicheriana var. angustifolia,,,144
Verticordia plumosa,OSS,,144
Laxamnnia grandiflora spp brendae,,,144
Asplenium aethiopicum,Fern,,144
Eucalyptus megacarpa,RS ep / OSC,,144
Eucalyptus cornuta,RS ep,,144
Acacia heteroclita ssp. valida,OSS,,144
Asterolasia sp. Kalgan,OSS,,144
Gastrolobium subcordatum,OSS,,144
Hibbertia porongurupensis,OSS,,144
Sphenotoma drummondii,OSS,slow,144
Taxandria marginata,RS /OSC,,144
Thryptomene saxicola,RS/OSC,,144
Villarsia calthifolia,OSS,rapid,144
Allocasuarina huegeliana,OSC,slow,145
Eucalyptus lehmannii,RS,,145
Eucalyptus tetraptera,RS,,145
Acacia acuminata,OSS,medium to slow,145
Acacia bidentata,,,145
Acacia erinacea,,,145
Acacia fragilis,,,145
Acacia glaucissima,,,145
Acacia pinguiculosa ssp. teretifolia,OSS,,145
Acacia tryptycha,,,145
Allocasuarina campestris,OSC,,145
Allocasuarina scleroclada,RS,,145
Beaufortia schaueri,OSC,,145
Baeckea crassifolia subsp.. icosandra,,,145
Banksia armata subsp.. ignicida,OSS,,145
Boronia baeckeacea subsp.. patula,,,145
Boronia sp..,,,145
Calothamnus quadrifidus,RS,,145
Calothamnus tuberosus,,,145
Chamelaucium ciliatum,,,145
Dodonaea ceratocarpa,RS,,145
Dodonaea caespitosa,,,145
Exocarpos sparteus,,,145
Gastrolobium bilobum,OSS,,145
Gastrolobium involutum,,,145
Gastrolobium parviflorum,,,145
Granitites intangendus,,,145
Grevillea anethifolia,,,145
Grevillea concinna subsp.. lehamanniana,,,145
Grevillea plurijuga subsp.. superba,,,145
Hakea bicornata,,,145
Hakea clavata,OSC,,145
Hakea commutata,,,145
Hakea laurina,OSC,,145
Hakea preissii,,,146
Keraudrenia sp..,,,146
Labichea lanceolata subsp.. brevifolia,,,146
Lasiopetalum rosmarinifolium,,,146
Leptospermum incanum,,,146
Lasiopetalum indutum,,,146
Leucopogon conostephioides,,,146
Melaleuca bromelioides,,,146
Melaleuca elliptica,RS/OSC,medium,146
Melaleuca eximia,,,146
Melaleuca fulgens,,,146
Melaleuca glaberimma,OSC,,146
Melaleuca podiocarpa,,,146
Melaleuca glena,,,146
Melaleuca eleuterostachya,,,146
Micromyrtus elobata,,,146
Micromyrtus imbricata,,,146
Mirbelia microphylla,,,146
Persoonia teretifolia,,,146
Phebalium lepidotum,,,146
Petrophile fastigiata,,,146
Phyllanthus calycina,,,146
Prostanthera carrickiana,,,146
Santalum acuminatum,OSS,,146
Thryptomene australis,OSC,,146
Borya constricta,,,146
Borya sp..,,,146
Cyanicula deformis,,,146
Caladenia discoidea,,,146
Pterostylis sanguinea,,,146
Diuris affin pulchella,,,146
Pterostylis recurva,,,146
Eriochilus scaber,,,146
Cladia ferdinandii,,,146
Corymbia calophylla,RS,,147
Eucalyptus marginata,RSep,,147
Eucalyptus wandoo,RS/ep/OSC,,147
Acacia spp,,,147
Gastrolobium spinosum,OSS,rapid,147
Gastrolobium parviflorum,OSS,medium,147
Hakea lissocarpha,RS,,147
Thomasia foliosa,,,147
Eucalytpus occidentalis,RS ep / OSC,,147
Eucalytpus rudis,RS ep,,147
Eucalyptus decipiens,RS ep,,147
Melaleuca preissiana,RS ep / OSC,,147
Melaleuca rhaphiophylla,RS ep/ OSC,,147
Banksia littoralis,RS ep,,147
Melaleuca viminea,OSC,medium,147
Callistachys lanceolatum,OSS,,147
Eucalyptus decipiens,RS,,147
Eucalyptus falcata,RS,,147
Eucalyptus decipiens x falcata,RS,,147
Eucalyptus orthostemon,RS,,147
Adenanthos cygnorum,OSS,,147
Allocasuarina acuaria,,,147
Allocasuarina lehmanniana,OSC,,147
Banksia arctotidis,RS,,147
Banksia acuminata,RS,,147
Banksia alliacea,OSC,,148
Banksia armata,RS,,148
Banksia brunnea,OSC,medium,148
Banksia fraseri,RS,,148
Banksia attenuata,RS,,148
Bnaksia grandis,RS,,148
Banksia lepidorrhiza,RS,,148
Banksia meisnerii,OSC,medium,148
Banksia mucronulata sp. retrorsa,OSC,,148
Banksia nivea ssp. nivea,OSC,,148
Banksia pellaeifolia,RS,,148
Banksia porrecta,?RS,,148
Banksia sessilis,OSC,medium,148
Banksia sphaerocarpa ssp. sphaerocarpa,RS,,148
Banksia tenuis,OSC,,148
Calothamnus gracilis,RS,,148
Calothamnus huegelii,,,148
Calothamnus quadrifidus,RS,,148
Calothamnus sanguineus,RS,,148
Petrophile media,,,148
Petrophile serruriae,OSC,medium,148
Gastrolobium spinosum,OSS,rapid,148
Hakea cucullata,OSC,medium to slow,148
Hakea trifurcata,OSC,slow,148
Hakea undulata,OSC,rapid,148
Isopogon attentuatus,RS,,148
Isopogon buxifolius,OSC,,148
Isopogon heterophyllus,?OSC,,148
Isopogon formosus,OSC,rapid to medium,148
Xanthorrhoea platyphylla,RS,,148
Eucalyptus astringens,OSC,,148
Eucalyptus garderni,OSC,,148
Allocasuarina decussata,RS ep,,149
Eucalyptus brevistylis,RS ep /OSC,,149
Eucalyptus diversicolor,RS ep/ OSC,slow,149
Eucalyptus guilfoylei,RS ep/ OSC,slow,149
Eucalyptus jacksonii,RS ep / OSC,slow,149
Hakea lasianthoides,OSC,medium,149
Hakea oleifolia,OSC,medium,149
Hibbertia furfuracea,RS,,149
Trymalium odaritissimum,OSS,rapid,149
Acacia pentadenia,OSS,medium to slow,149
Leucopogon verticillatus,RS,,149
Lepidosperma effusem,RS,,149
Petrophile diversifolia,OSC,medium,149
Eucalyptus diversicolor,RS ep/ OSC,slow,149
Allocasuarina decussata,RS/ ep,,149
Corymbia calophylla,RS/ ep,,149
Banksia seminuda,OSC,medium to slow,149
Eucalyptus megacarpa,RS ep / OSC,,149
Acacia browniana,OSS,rapid,149
Acacia pentadenia,OSS,medium to slow,149
Banksia grandis,RS,,149
Choralaena quercifolia,OSS,rapid,149
Hibbertia furfuracea,RS,,149
Leucopogon verticillatus,RS,,149
Paraserianthes lophantha,OSS,rapid,149
Persoonia longifolia,RS,,149
Trymalium odaritissimum,OSS,rapid,149
Lepidosperma effusem,RS,,149
Eucalyptus diversicolor,RS ep/ OSC,slow,150
Trymalium odaritissimum,OSS,rapid,150
Paraserianthes lophantha,OSS,rapid,150
Mirbelia dilata,OSS,rapid,150
Apium prostratum ssp. phillipi,OSS,rapid,150
Eucalyptus diversicolor,RS ep/ OSC,slow,150
E. goniantha subsp. goniantha,RS,,150
Eucalyptus patens,RS ep,,150
Eucalyptus occidentalis,RS ep / OSC,,150
Eucalyptus rudis,RS ep,,150
Melaleuca cuticularis,RS ep/OSC,,150
Melaleuca preissiana,RS ep/OSC,,150
Melaleuca rhaphiophylla,RS /OSC,,150
Gastrolobium sericeum,,,150
Melaleuca pauciflora,RS,,150
Melaleuca lateritia,RS,,150
Baumea spp,,,150
Gahnia trida,RS,,150
Lepidosperma effusem,RS,,150
Allocasuarina fraseriana,RS ep,,150
Eucalyptus marginata,RS ep,,150
Eucalyptus staeri,RS ep,,150
Banksia biterax,OSC,medium,151
Banksia brownii,OSC,medium to slow,151
Banksia formosa,OSC,medium,151
Banksia mucronulata,OSC,medium,151
Banksia obovata,OSC,medium,151
Banksia serra,OSC,medium,151
Banksia squarrosa,OSC,medium,151
Daviesia spinossisima,,,151
Gastrolobium coriaceum,OSS,,151
Grevillea fasiculata,OSS,,151
Grevillea trifida,OSS,,151
Hakea amplexicaulis,RS,,151
Hakea cucullata,OSC,medium to slow,151
Hakea ceratophylla,RS,,151
Hakea ferruginea,OSC,medium to slow,151
Hakea lasiantha,OSC,slow,151
Hakea trifurcata,OSS,medium to slow,151
Hakea tuberculata,OSC,medium to slow,151
Lambertia uniflora,OSC,medium to slow,151
Leptomeria squarrulosa,OSS,,151
Pultenaeae verruculosa,OSS,,151
Taxandria parviceps,RS,,151
Xanthorrhoea platyphylla,RS,,151
Allocasuarina fraseriana,RS ep,,151
Eucalyptus staeri,RS ep,,151
Andersonia pinaster,OSS,medium,151
Banksia attenuata,RS / OSC,,151
Banksia coccinea,OSC,medium to slow,151
Banksia nutans,OSC,slow,151
Conospermum teretifolium,RS,,151
Franklandia fucifolia,RS,,151
Gompholobium scabrum,OSS,,151
Jacksonia spinosa,OSS,,151
Latrobea brunonis,OSS,,151
Leucopogon flavescens,OSS,,151
Leucopogon glabellus,OSS,,151
Leucopogon gracilis,OSS,,151
Leucopogon obovatus,OSS,,152
Leucopogon rubricaulis,?OSS,,152
Melaleuca thymoides,RS,,152
Phyllota barbata,OSS,,152
Petrophile acicularis,OSC,,152
Petrophile rigida,RS,,152
Corymbia calophylla,RS ep,,152
Eucalyptus marginata,RS ep,,152
Banksia formosa,OSC,medium,152
Bossiaea linophylla,OSS,rapid,152
Hakea elliptica,OSC,slow,152
Eucalyptus ficifolia,RS ep,,152
Acacia myrtifolia,OSS,rapid,152
Adenanthos obovatus,RS,,152
Beaufortia sparsa,RS,,152
Homalospermum firmum,RS,,152
Taxandria juniperina,OSC,medium to slow,152
Acidonia microcarpa,OSS,medium,152
Aotus intermedia,OSS,,152
Astartea scoparia,RS,,152
Callistemon glaucum,RS,,152
Cosmelia rubra,RS,,152
Homalospermum firmum,RS,,152
Kunzea ericifolia,OSC,,152
Melaleuca densa,OSC?,,152
Melaleuca microphylla,RS ep,,152
Melaleuca viminea,OSC,,152
Sphaerolobium spp,,,153
Sphenotoma gracile,OSS,,153
Taxandria juniperina,OSC,,153
Taxandria linearifolia,RS / OSC,,153
Baumea spp,,,153
Empodisma gracillimum,RS,,153
Gahnia decomposita,RS,,153
Juncus spp,,,153
Lepidosperma tetraquetrum,RS,,153
Leptocarpus tenax,RS,,153
Reedia spathacea,RS,,153
Schoenus multiglumis,,,153
Tremulina tremula,OSS,,153
Cephalotus follicularis,RS,,153
Acidonia microcarpa,OSS,medium,153
Aotus intermedia,OSS,,153
Banksia littoralis,RS,,153
Banksia occidentalis,OSC,medium,153
Banksia quercifolia,OSC,medium,153
Banksia seminuda,OSC,medium to slow,153
Beaufortia sparsa,RS,,153
Callistachys lanceolatum / sp South Coast,OSS,,153
Hakea linearis,RS,,153
Hakea tuberculata,OSC,medium,153
Hakea sulcata,OSC,medium,153
Hypocalymma ericifolium,OSS,,153
Isopogon axillaris,RS,,153
Kunzea ericifolia,OSC,,153
Leptocarpus tenax,RS,,153
Melaleuca densa,OSC?,,153
Melaleuca incana,RS,,153
Melaleuca pauciflora,RS,,153
Meleluca spathulata,RS,,153
Melaleuca viminea,OSC,medium to slow,154
Pericalymma spongicaule,OSC,,154
Petrophile phyllicoides,OSC,slow,154
Rhadinothamnus anceps,OSS,rapid,154
Sphaerolobium spp,,,154
Sphenotoma gracile,OSS,,154
Taxandria angustifolia,RS,,154
Taxandria fragrans,RS,,154
Evandra aristata,RS / OSS,,154
Leptocarpus tenax,RS,,154
Meeboldina spp,,,154
Schoenus spp,,,154
Tremulina tremula,OSS,,154
Cephalotus follicularis,RS,,154
Agonis flexuosa,RS ep/ OSC,,154
Exocarpus odoratus,OSS,rapid,154
Hakea oleifolia,OSC,medium,154
Hakea prostrata,RS,,154
Myoporum oppositifolium,OSS,rapid,154
Pimelea clavata,OSS,rapid,154
Austrodanthonia occidentalis,RS,,154
Austrostipa flavescens,OSS,rapid,154
Dichelachne crinita,,,154
Microlaena stipioides,RS,,154
Poa drummoniana,RS,,154
Poa porphryoclados,,,154
Baumea articulata,,,154
Allocasuarina decussata,RS ep,,155
Andersonia axilliflora,OSS,slow,155
Beaufortia anisandra,OSC,slow,155
Banksia biterax,OSC,,155
Banksia brownii,OSC,slow,155
Banksia concinna,OSC,slow,155
Banksia montana,OSC,slow,155
Banksia solandri,OSC,slow,155
Banksia oreophila,OSC,slow,155
Calothamnus crassus,RS / OSC,,155
Darwinia collina,OSS,slow,155
Hakea florida,RS,,155
Isopogon latifolius,OSC,slow,155
Kunzea montana,OSS,slow,155
Leucopogon gnaphalioides,OSS,slow,155
Persoonia micranthera,OSS,slow,155
Sphenotoma sp. Stirling,OSS,medium,155
Taxandria floribunda,OSC,,155
Eucalyptus doratoxylon,RS,,155
Eucalytus ligulata ssp. stirlingica,RS,,155
Eucalyptus marginata,RS,,155
Eucalyptus talyuberlup,OSC?,,155
Aotus genistoides,OSS,,155
Adenanthos filifolius,OSS,,155
Beaufortia anisandra,OSC,slow,155
Banksia brownii,OSC,slow,155
Banksia concinna,OSC,slow,155
Banksia rufa ssp. pumilo,OSC,medium,155
Banksia foliolata,OSC,,155
Banksia`grandis,RS,,155
Banksia hirta,OSC,medium,156
Banksia oreophila,OSC,,156
Bankisa plumosa ssp. denticulata,OSC,medium,156
Banksia solandri,OSC,slow,156
Calothamnus crassus,RS / OSC,,156
Hakea ambigua,OSC,medium,156
Hakea lasiantha,OSC,slow,156
Kunzea montana,OSS,slow,156
Lambertia fairallii,OSC,slow,156
Leucopogon atherolepis,OSS,,156
Leucopogon lasiophyllus,OSS,,156
Isopogon baxteri,OSC,medium,156
Isopogon latifolius,OSC,slow,156
Sphenotoma sp. Stirling,OSS,medium,156
Taxandria floribunda,OSC,,156
Allocasuarina decussata,RS ep,,156
Eucalyptus megacarpa,RS ep / OSC,,156
Astartea sp. staminodes,OSS?,,156
Taxandria linearifolia,RS,,156
Homalaspermum firmum,RS,,156
Xyris exilis,OSS,medium,156
Eucalyptus acies,RS,,156
Eucalyptus acies x preissiana,RS,,156
Eucalyptus burdettiana,RS,,156
Eucalyptus coronata,RS,,156
Eucalyptus decurva,RS,,156
Eucalyptus lehmannii subsp. parallela,RS,,156
Eucalyptus sepulcralis,RS,,156
Eucalyptus redunca,RS,,156
Eucalyptus preissiana,RS,,156
Acacia argutifolia,,,156
Adenanthos ellipticus,OSS,medium,156
Adenanthos ellipticus x cuneatus,OSS,,156
Adenanthos labilliardierei,OSS,,157
Adenanthos oreophilus,OSS,,157
Adenanthos venosus,RS,,157
Agonis baxteri (obtusissima),RS,,157
Banksia baueri,OSC,slow,157
Banksia heliantha,OSC,,157
Banksia lemanniana,OSC,slow,157
Banksia oreophila,OSC,,157
Banksia plumosa ssp. plumosa,OSC,,157
Calothamnus macrocarpus,RS,,157
Calothamnus pinifolius,OSC,,157
Calothamnus sp. Kundip,OSC,,157
Calothamnus validus,,,157
Calothamnus villosus,OSC?,,157
Gonocarpus hispidus,OSS,,157
Hakea hookeriana,OSC,,157
Hakea victoria,OSC,,157
Kunzea similis spp similis,OSS,,157
Grevillea coccinea,OSS,,157
Grevillea infundibularis,OSS,medium,157
Grevillea aff nudiflora,OSS,,157
Grevillea infundibularis x aff nudiflora,OSS,,157
Grevillea coccinea ssp. lanata,OSS,,157
Grevillea fistulosa,OSS,,157
Leptospermum conferetum,OSC,,157
Melaleuca citrina,RS,,157
Melaleuca nesophila,OSC,,157
Monotoca aristata,,,157
Pityrodia exserta,,,157
Verticodia pityrhops,OSS,slow,157
Eucalyptus doratoxylon,RS ep,,157
Adenanthos oreophilus,OSS,,157
Banksia armata var. ignicida,OSC,,157
Banksia media,OSC,,157
Banksia obovata,OSC,medium,157
Banksia prolata ssp. archeos,OSC,,157
Beaufortia aff schaueri,,,157
Darwinia sp. Mt Ragged,OSS,,157
Daviesia grossa,,,157
Daviesia teretifolia,RS/OSS,,158
Dillwynia pungens,OSS,,158
Grevillea concinna ssp. lemanniana,OSS,,158
Grevillea oligantha,OSS/RS,,158
Grevillea pauciflora ssp. axatilis,OSS,,158
Grevillea plurijuga ssp. plurijuga,OSS/RS,,158
Hakea drupaceae,OSC,,158
Hakea erecta,,,158
Hakea laurina,OSC,medium,158
Hakea pandanicarpa ssp. pandanicarpa,OSC,,158
Hakea pycnoneura,,,158
Hakea scoparia ssp. trycheria,OSC,,158
Hakea verrucosa,OSC,,158
Isopogon sp. Fitzgerald,,,158
Isopogon formosus,OSC,rapid,158
Kunzea baxteri,OSS,,158
Labichea lanceolata,RS,,158
Leucopogon apiculatus,OSS,,158
Melaleuca fulgens,RS?,,158
Melaleuca pentagona ssp raggedensis,OSC?,,158
Melaleuca undulata,OSC,,158
Melaleuca uncinata,RS,,158
Melaleuca viminea,OSC,medium,158
Petrophile squamata ssp. northern,OSC,,158
Petrophile teretifolia,,,158
Eucalyptus pachyloma,RS ep,,158
Eucalyptus buprestium,RS ep,,158
Eucalyptus decipiens,RS,,158
Eucalyptus preissiana,RS ep,,158
Eucalyptus marginata,RS ep,,158
Eucalytpus ligulata ssp. stirlingica,RS ep,,158
Eucalytpus kalganensis,RS ep,,158
Eucalyptus erectifolia,RS ep,,158
Eucalyptus talyuberlup,OSC?,,158
Adenanthos pungens,OSS,,158
Banksia aculeata,OSC,slow,158
Banksia arctotidis,RS?,medium,158
Banksia baxteri,OSC,medium to slow,158
Banksia blechnifolia,RS,,159
Banksia brunnea,OSC,medium,159
Banskia calophylla,RS/OSC,,159
Banksia coccinea,OSC,medium to slow,159
Banksia grandis,RS,,159
Banksia mucronulata,OSC,medium,159
Banksia nutans,OSC,slow,159
Banksia obovata,OSC,medium,159
Banksia oreophila,OSC,medium to slow,159
Banksia plumosa ssp. denticulata,OSC,medium,159
Banksia sessilis,OSC,medium,159
Beaufortia anisandra,OSC,medium to slow,159
Beaufortia cyrodonta,OSC,medium,159
Beaufortia schaueri,OSC,,159
Calothamnus affinis,OSC,medium,159
Calothamnus sanguineus,RS,,159
Conospermum dorrienii,OSS,,159
Darwinia meeboldii,OSS,medium,159
Darwinia oxylepis,OSS,medium,159
Daviesia crenulata,OSS,,159
Grevillea pulchella,OSS,,159
Hakea ambigua,OSC,medium,159
Hakea baxteri,OSC,,159
Hakea corymbosa,OSC,slow,159
Hakea cucullata,OSC,medium to slow,159
Hakea denticulata,OSC?,,159
Hakea ferruginea,OSC,medium to slow,159
Hakea lehmanniana,RS?,,159
Hakea crassifolia ssp. pandanicarpa,OSC,slow,159
Hakea ruscifolia,RS,,159
Hakea trifurcata,OSC,slow,159
Hakea undulata,OSC,slow,159
Hibbertia helianthemoides,OSS,,159
Isopogon baxteri,OSC,medium,159
Kunzea montana,OSS,medium to slow,159
Lambertia ericifolia,OSC,medium,159
Leucopogon mollis,OSS,,159
Melaleuca pungens,OSC,,159
Petrophile anceps,OSC,,159
Petrophile carduacea,OSC,,159
Petrophile longifolia,OSC,,159
Petrophile serruriae,OSC,medium to slow,159
Petrophile squamata,OSC,slow,160
Stirlingia tenuifolia,OSS,medium,160
Taxandria spathulata,RS/OSC,,160
Eucalyptus conferruminata,OSC,slow,160
Eucalyptus mcquoidii,OSC,slow,160
Eucalyptus redunca,RS,,160
Hakea cucullata,OSC,medium to slow,160
Eucalyptus cernua,OSC,slow,160
Eucalyptus astringens subsp. 'kundip',OSC,slow,160
Eucalyptus clivicola,OSC,slow,160
Eucalyptus pileata,RS,,160
Eucalyptus platypus,OSC,slow,160
Calothamnus pinifolius,OSC,,160
Daviesia emarginata,RS/OSS,,160
Daviesia pachyphylla,RS/OSS,,160
Gastrolobium racemosum,OSS,,160
Melaleuca bracteosa,,,160
Melaleuca sp. Kundip,OSC,,160
Melaleuca stramentosa,OSC,,160
Melaleuca haplantha,OSC,,160
Melaleuca rigidifolia,OSC,,160
Melaleuca pauperiflora,OSC,,160
Melaleuca undulata,OSC,,160
Pultenaea craigiana,OSS?,,160
Banksia lemmaniana,OSC,slow,160
Melaleuca stramentosa,OSC,,160
Callitris preissii,OSC,slow,161
Eucalyptus utilis,OSC,slow,161
Eucalyptus megacornuta,OSC,slow,161
Eucalyptus platypus,OSC,slow,161
Calothamnus quadrifidus,RS,,161
Melaleuca nesophila,OSC,,161
Melaleuca lanceolata,OSC,slow,161
Chamelaucium axillare,OSS,,161
Eucalyptus cuspidata,,,161
Eucalyptus occidentalis,RSep/OSC,,161
Eucalyptus occidentalis x utilis,OSC,,161
Melalaueca nesophila,OSC,,161
Agonis flexuosa,OSC,,161
Acacia cyclops,OSS,,161
Acacia littorea,OSS,,161
Kennedia nigricans,OSS,,161
Spryidium globulosum,OSS,,161
Thomasia sp.,,,161
Acacia littorea,OSS,,161
Acrotriche cordata,,,161
Adenanthos sericeous,OSS,,161
Banksia praemorsa,OSC,medium,161
Banksia sessilis,OSC,medium,161
Jacksonia horrida,,,161
Melaleuca thymoides,RS,,161
Pultenaeae heteroclita,,,161
Spyridium globulosum,OSS,rapid,162
Templetonia retusa,OSS,medium,162
Desmocladus flexuosa,,,162
Lepidosperma 'dense',,,162
Eucalyptus wandoo,RS ep / OSC,,163
Eucalyptus occidentalis,RS ep / OSC,,163
Hakea lissocarpha,RS,,163
Eucalyptus rudis,RS ep,,163
Banksia littoralis,RS ep,,163
Eucalyptus decipiens,RS,,163
Eucalyptus occidentalis,RS ep / OSC,,163
Melaleuca cuticularis,RS ep,,163
Melaleuca preissiana,RS ep,,163
Banksia dyandroides,OSC,,163
Hakea denticulata,OSC,,163
Hakea nitida,RS,,163
Kunzea recurva,OSS/RS,rapid to medium,163
Melaleuca suberosa,RS,,163
Pericalymma ellipticum,RS,,163
Petrophile squamata,OSC,slow,163
Anarthria laevis,RS,,163
Gahnia trifida,RS,,163
Eucalyptus annulata,RS,,163
Eucalyptus platypus ssp platypus,OSC,slow,163
Eucalyptus praetermissa,OSC,slow,163
Eucalyptus vesiculosa,OSC,slow,163
Eucalyptus melanophitra,OSC,slow,163
Eucalyptus newbyii,OSC,slow,163
Eucalytpus redacta,OSC,slow,163
Acacia glaucoptera,OSS,rapid,164
Melaleuca acuminata,OSC,medium,164
Eucalyptus anceps,RS,,164
Eucalyptus nutans,OSC,slow,164
Eucalyptus ocidentalis,RS ep/OSC,,164
Acacia cyclops,OSS,,164
Acacia glaucoptera,OSS,rapid,164
Hakea laurina,OSC,slow,164
Melaleuca undulata,OSC,,164
Melaleuca subfalcata,,,164
Rhadinothamnus rudis,,,164
Eucalyptus brandiana,OSC,slow,164
Allocasuarina trichodon,OSC,slow,164
Eucalyptus melanophitra,OSC,slow,164
Eucalyptus astringens ssp. redacta,OSC,slow,164
Eucalyptus praeterissima,OSC,slow,164
Eucalyptus arborella,OSC,slow,164
Banksia armata,RS,,164
Banksia ionthocarpa ssp. ionthocarpa,OSC,slow,164
Banksia laevigata ssp. laevigata,OSC,slow,164
Calothamnus quadridus,RS,,164
Calothamnus robustus,OSC?,,164
Kunzea pauciflora,OSS,medium,164
Verticordia fastigiata,OSS,,164
Verticordia helicrysantha,OSS,medium,164
Verticordia crebra,OSS,rapid,164
Vericorida longistylis,OSS?,,164
Banksia attenuata,RS/OSC,,165
Banksia baueri,OSC,slow,165
Banksia baxteri,OSC,slow,165
Banksia coccinea,OSC,medium to slow,165
Banksia dryandoides,OSC,medium,165
Banksia lemanniana,OSC,medium to slow,165
Banksia media,OSC,medium to slow,165
Banksia nutans,OSC,slow,165
Banksia obovata,OSC,medium,165
Banksia violacea,OSC,medium to slow,165
Beaufortia empetrifolia,OSC,medium,165
Conospermum distichium,RS/OSS,medium,165
Daviesia incrassata spp. reversifolia,RS/OSS,,165
Hakea victoriae,OSC,medium to slow,165
Hakea corymbosa,OSC,slow,165
Isopogon trilobus,OSC,medium to slow,165
Lambertia inermis,OSC,medium,165
Melaleuca striata,RS,,165
Petrophile ericifolia,OSS,,165
Petrophile phyllicoides,OSC,slow,165
Petrophile teretifolia,RS/OSC,medium,165
Stirlingia tenuifolia,RS/OSS,medium,165
Eucalyptus decipiens,RS ep,,165
Eucalyptus decurva,RS,,165
Eucalyptus falcata,RS,,165
Eucalyptus marginata,RS ep,,165
Eucalyptus staeri,RS ep,,165
Eucalyptus pleurocarpa,RS ep,,165
Eucalyptus tetraptera,RS,,165
Allocasuarina trichodon,OSC,slow,165
Allocasuarina microstachys,RS,,165
Banksia attenuata,RS,,165
Banksia baueri,OSC,slow,165
Banksia brunnea,OSC,medium,165
Banksia dryandoides,OSC,medium,165
Banksia drummondii,OSC,medium,165
Banksia falcata,OSC,medium to slow,165
Banksia media,OSC,medium to slow,166
Banksia mucronulata,OSC,medium to slow,166
Banksia plumosa ssp. plumosa,OSC,medium to slow,166
Banksia tenuifolia ssp tenuifolia,RS,,166
Banksia violaceae,OSC,medium to slow,166
Beaufortia anisandra,OSC,medium to slow,166
Beaufortia empetrifolia,OSC,medium,166
Beaufortia schaueri,OSC,medium,166
Calothamnus pinifolius,OSC,,166
Calothamnus robustus,OSC?,,166
Grevillea fasiculata,OSS,medium,166
Hakea baxteri,OSC,,166
Hakea corymbosa,OSC,slow,166
Hakea cucullata,OSC,medium to slow,166
Hakea ferruginea,OSC,slow,166
Hakea lehmanii,RS,,166
Hakea marginata,RS,,166
Hakea pandanicarpa ssp. crassifolia,OSC,slow,166
Hakea trifurcata,OSC,slow,166
Hakea tuberculata,OSC,,166
Isopogon baxteri,OSC,medium,166
Isopogon buxifolius,OSC,slow,166
Isopogon cuneatus,OSC,,166
Isopogon formosus,OSC,rapid to medium,166
Isopogon trilobus,OSC,medium to slow,166
Lambertia citrina,OSC,,166
Lambertia inermis,OSC,medium,166
Lambertia uniflora,OSC,medium to slow,166
Melaleuca suberosa,RS,,166
Melaleuca violaceae,,,166
Petrophile divaricata,OSC,,166
Petrophile ericifolia,OSC,medium,166
Petrophile phyllicoides,OSC,slow,166
Petrophile serrurieae,OSC,medium to slow,166
Petrophile squamata,OSC,slow,166
Taxandria spathulata,RS/OSC,,166
Xanthorrhoea platyphylla,RS,,166
Eucalytpus staeri,RS ep,,167
Banksia attenuata,RS ep/ OSC,,167
Banksia baueri,OSC,slow,167
Banksia baxteri,OSC,medium to slow,167
Banksia mucronulata ssp. mucronulata,OSC,medium to slow,167
Banksia nutans ssp. nutans,OSC,slow,167
Banksia plumosa ssp. plumosa,OSC,medium to slow,167
Beaufortia empetrifolia,OSC,medium,167
Hakea baxteri,OSC,,167
Hakea pandanicarpa ssp. crassifolia,OSC,slow,167
Lambertia inermis,OSC,medium,167
Eucalytpus staeri,RS,,167
Eucalytpus decurva,RS,,167
Banksia baxteri,OSC,medium to slow,167
Banksia falcata,OSC,medium to slow,167
Banksia mucronulata ssp. mucronulata,OSC,medium to slow,167
Banksia nutans ssp. nutans,OSC,slow,167
Banksia obovata,OSC,medium to slow,167
Banksia plumosa ssp. plumosa,OSC,medium to slow,167
Beaufortia empetrifolia,OSC,medium,167
Hakea baxteri,OSC,,167
Hakea cucullata,OSC,medium to slow,167
Hakea corymbosa,OSC,slow,167
Hakea ferruginea,OSC,slow,167
Hakea pandanicarpa ssp. crassifolia,OSC,slow,167
Hakea trifurcata,OSC,slow,167
Lambertia inermis,OSC,medium,167
Melaleuca striata,RS,,167
Petrophile divaricata,OSC,,167
Taxandria spathulata,RS/OSC,,167
Xanthorrhoea platyphylla,RS,,167
Eucalyptus bupestrium,RS ep,,167
Eucalyptus decurva,RS ep,,167
Eucalyptus pleurocarpa,RS ep,,167
Eucalyptus uncinatus,RS ep,,167
Banksia mucronulata ssp. mucronulata,OSC,medium to slow,168
Beaufortia empetrifolia,OSC,medium,168
Hakea cucullata,OSC,medium to slow,168
Hakea denticulata,OSC,,168
Hakea nitida,RS,,168
Hakea pandanicarpa ssp. crassifolia,OSC,slow,168
Isopogon trilobus,OSC,medium to slow,168
Melaleuca spathulata,RS,,168
Melaleuca suberosa,RS,,168
Melaleuca subtrigona,RS,,168
Petrophile crispata,,,168
Petrophile squamata,OSC,slow,168
Regelia inops,,,168
Eucalyptus acies,RS,,168
Eucalyptus doratoxylon,RS,,168
Eucalyptus gonaiantha,RS,,168
Eucalyptus lehamanii,RS,,168
Banksia mucronulata,OSC,medium to slow,168
Banksia serra,OSC,medium,168
Beaufortia empetrifolia,OSC,medium,168
Calothamnus robustus,?OSC,,168
Hakea cucullata,OSC,medium to slow,168
Hakea elliptica,OSC,slow,168
Hakea lasiantha,OSC,slow,168
Calothamnus robustus,?OSC,,168
Hakea cucullata,OSC,medium to slow,168
Hakea lasiocarpha,OSC,,168
Hakea tuberculata,OSC,,168
Hakea oldfieldii,?OSC,,168
Hakea sulcata,OSC,,168
Petrophile squamata,OSC,slow,168
Kunzea recurva,OSS/RS,rapid to medium,168
Melaleuca violacea,,,168
Melaleuca suberosa,RS,,168
Baumea articulata,,,168
Eucalyptus salmonophloia,"RS ep, OSC",slow,169
Eucalyptus phenax,RS ep,,169
Acacia glaucoptera,OSS,rapid,169
Grevillea huegellii,RS/OSS,,169
Lasiopetalum compactum,,,169
Senna artesmoides ssp filifolia,OSS,,169
Eucalyptus cernua,OSC,slow,169
Eucalyptus clivicola,OSC,slow,169
Eucalyptus dielsii,OSC,slow,169
Eucalyptus extensa,OSC,slow,169
Eucalyptus gardneri ssp. Ravensthorpensis,OSC,slow,169
Eucalyptus lehmanii ssp. parallela,RS,,169
Eucalyptus megacornuta,OSC,slow,169
Eucalyptus platypus ssp. congregata,OSC,slow,169
Eucalyptus platypus ssp. platypus,OSC,slow,169
Eucalyptus purpurata,OSC,slow,169
Eucalyptus salubris,OSC,slow,169
Beaufortia orbifolia,OSC,,169
Beyeria sp. Ravensthorpe,OSS,,169
Exocarpus aphyllus,OSS,,169
Gastrolobium parviflorum,OSS,,169
Grevillea patentiloba ssp. platypoda,OSS,,169
Hakea commutata,OSC,,169
Hakea laurina,OSC,slow,169
Hakea obtusa,OSC,,169
Hakea verrucosa,OSC,,169
Isopogon polycephalus,RS,,169
Melaleuca acuminata,OSC,medium,169
Melaleuca cucullata,OSC?,,169
Melaleuca eleuterostachya,,,169
Melaleuca hamata,RS,,169
Melaleuca haplantha,OSC?,,169
Melaleuca pauperiflora spp pauperiflora,OSC,,170
Melaleuca sp. Gorse,OSC,,170
Melaleuca teuthidoides,,,170
Melaleuca thapsina,OSC,,170
Melaleuca torquata,,,170
Melaleuca undulata,OSC,,170
Siegfriedia darwinioides,OSS,rapid to medium,170
Spyridium glaucum,OSS,rapid to medium,170
Pultenaea calycina ssp. proxaena,OSS,,170
Eucalyptus falcata,RS,,170
Eucalyptus pleurocarpa,RS,,170
Acacia durabilis,OSS,,170
Acacia heterochroa,OSS?,,170
Banksia cirsioides,OSC,medium to slow,170
Banksia corvijuga,OSC,,170
Banksia foliosissima,OSC,,170
Banksia heliantha,OSC,,170
Banksia laevigata ssp. laevigata,OSC,,170
Banksia lemanniana,OSC,slow,170
Banksia pallida,OSC,slow,170
Beaufortia schaueri,OSC,medium to slow,170
Beaufortia orbifolia,OSC,,170
Calothamnus quadrifidus,RS,,170
Grevillea coccinea,OSS,,170
Hakea cygna ssp. cygna,OSC,,170
Hakea laurina,OSC,slow,170
Hakea marginata,RS,,170
Hakea multilineata,OSC,medium to slow,170
Hakea obtusa,OSC,,170
Hakea pandanicarpa spp crassifolia,OSC,slow,170
Hakea subsulcata,OSC,slow,170
Hakea verrucosa,OSC,,170
Isopogon polycephalus,RS,,170
Kunzea cincinnata,,,170
Kunzea similis ssp. mediterraneae,OSS,,170
Lasiopetalum sp. Desmond N McQuoid 653,OSS?,,170
Melaleuca rigidifolia,OSC,,170
Melaleuca thapsina,OSC,,170
Petrophile glauca,OSC,slow,171
Petrophile seminuda,RS/OSC,medium,171
Santalum acuminatum,OSS,slow,171
Taxandria spathulata,RS/OSC,,171
Eucalyptus spp,,,171
Exocarpus aphylla,OSS,,171
Gastrolobium parviflorum,OSS,medium,171
Grevillea huegellii,OSS?,,171
Grevillea pectinata,RS/OSS,,171
Grevillea oligantha,RS/OSS,,171
Hakea commutata,OSC,,171
Hakea verrucosa,OSC,,171
Kunzea cincinnata,,,171
Melaleuca acuminata,,,171
Melaleuca cliffortoides,RS,,171
Melaleuca coronicarpa,OSC,,171
Melaleuca cucullata,OSC?,,171
Melaleuca eleuterostachya,,,171
Melaleuca glaberrima,OSC,,171
Melaleuca hamata,RS,,171
Melaleuca lateriflora ssp. lateriflora,RS/OSC,,171
Melaleuca pauperiflora spp pauperiflora,OSC,,171
Melaleuca sp. Gorse,OSC,,171
Melaleuca pentagona,,,171
Melaleuca pomphostoma,,,171
Melaleuca rigidifolia,,,171
Melaleuca societatis,OSC,,171
Melaleuca teuthidoides,,,171
Melaleuca torquata,,,171
Melaleuca undulata,OSC,,171
Sanatalum acuminatum,OSS,slow,171
Siegfriedia darwinioides,OSS,rapid to medium,171
Eucalytpus kessellii,RS,,171
Eucalyptus indurata,RS,,172
Beyeria sp. Ravensthorpe,OSS,,172
Lissanthe pleurandroides,OSS?,,172
Melaleuca haplantha,OSC?,,172
Pulenaea calycina ssp. proxaena,OSS,,172
Acacia pinguiculosa,OSS,,172
Allocasuarina acutivalvis ssp. acutivalvis,OSC,,172
Allocasuarina campestris,OSC,,172
Allocasuarina huegeliana,OSC,medium to slow,172
Allocasuarina hystericosa,RS,,172
Allocasuarina spinosissima,OSC ?,,172
Allocasuarina scleroclada,RS,,172
Calothamnus quadrifidus,RS/OSC,,172
Hakea verrucosa,OSC,,172
Kunzea cinncinata,,,172
Kunzea strigosa,,,172
Leptospermum maxwellii,,,172
Melaleuca hamata,RS,,172
Verticordia oxylepis,OSS,,172
Santalum acuminatum,OSS,slow,172
Banksia laevigata ssp. laevigata,OSC,,172
Beaufortia orbifolia,OSC,,172
Melaleuca thapsina,OSC,,172
Allocasuarina acutivalvis ssp. acutivalvis,OSC,,172
Banksia cirsiodes,OSC,medium to slow,172
Banksia erythrocaephala,RS,,172
Banksia lemanniana,OSC,slow,172
Beaufortia schaueri,OSC,medium to slow,172
Hakea pandanicarpa ssp. crassifolia,OSC,slow,172
Acacia ophiolithica,OSS,,172
Beyeria cockertonii,OSS,,172
Calothamnus quadrifidus,RS /OSC,,172
Hakea verrucosa,OSC,,172
Melaleuca cliffortioides,RS,,173
Grevillea fastigiata,OSS,,173
Grevillea oligantha,OSS,,173
Philotheca gardneri spp Ravesnthorpe,,,173
Eucalyptus urna,OSC,slow,174
Eucalyptus platypus subsp congregata,OSC,slow,174
Eucalyptus longicornis,RSep,,174
Eucalyptus melanoxylon,RSep,,174
Eucalyptus salmonophloia,"RS ep, OSC",slow,174
Eucalyptus sp. dendrosheath,OSC,slow,174
Eucalyptus ravida,OSC,slow,174
Eucalyptus salubris,OSC,slow,174
Eucalyptus transcontinentalis,RSep,,174
Acacia spp,,,174
Davieisa nematophylla,,,174
Eremophila spp,,,174
Melaleuca pauperiflora,OSC,,174
Melaleuca halmaturorum,,,174
Melaleuca sheathiana,OSC,,174
Melaleuca spp,,,174
Eucalyptus occidentalis,RSep/OSC,,174
Eucalyptus alipes,OSC,slow,174
Salt Lakes fringing,,,174
Eucalyptus salicola,OSC,slow,174
Eucalyptus kumarlensis,OSC,slow,174
Eucalyptus angustissima,RS,,174
Atriplex spp,,,174
Frankenia spp,,,174
Eucalyptus extensa,OSC,slow,174
E. longicornis,RS ep,,174
E. loxophleba,RS,,174
E. loxophleba x spathulata,,,174
E. occidentalis,RS ep/OSC,,174
Eucalyptus phenax,RS ep,,174
E. platypus ssp platypus,OSC,slow,175
E. salmonophloia,RS ep/OSC,slow,175
E. spathulata,OSC,slow,175
E. urna,OSC,slow,175
E. wandoo,RS ep/OSC,,175
E. sp mallet,OSC,slow,175
E. sp. aff uncinata,RS,,175
E. oleosa,RS,,175
E. occidentalis x platypus,OSC,slow,175
Acacia spp,,,175
Choretrum glomeratum,,,175
Grevillea spp,,,175
Hakea commutata,OSC,,175
Hakea preissii,OSC,,175
Eremophila spp,,,175
Melaleuca acuminata,RS,,175
Melaleuca hamata,RS,,175
Melaleuca spp,,,175
Santalum acuminatum,OSS,slow,175
Senna artesmoides ssp. filifolia,OSS,,175
Eucalyptus annulata,RS,,175
Eucalyptus calyerup,OSC,slow,175
Eucalyptus densa,OSC,slow,175
Eucalyptus platypus ssp. platypus,OSC,slow,175
Eucalyptus spathulata,OSC,slow,175
Eucalyptus platypus subsp. congregata,OSC,slow,175
Eucalyptus forrestiana,OSC,slow,175
Eucalyptus dolichoryncha,OSC,slow,175
Eucalyptus stoatei,OSC,slow,175
E. salmonophloia,RS ep/ OSC,slow,175
E. urna,OSC,slow,175
Acacia spp,,,175
Melaleuca undulata,OSC,,175
Callitris preissii,OSC,slow,176
Eucalyptus salmonophloia,Rsep/OSC,slow,176
Acacia incongesta,,,176
Allocasuarina campestris,OSC,,176
Anthocercis genistoides,OSS,rapid,176
Calothamnus quadrifidus,RS/OSC,,176
Dodonaea pinifolia,RS,,176
Drummondita hassellii,OSS,,176
Exocarpus sparteus,OSS,,176
Gastrolobium acrocaroli,,,176
Labichea stellata,,,176
Melaleuca fulgens,RS?,,176
Santalum acuminatum,OSS,slow,176
Santalum spicatum,OSS,slow,176
Allocasuarina huegeliana,OSC,slow,176
Callitris columellaris,OSC,slow?,176
Callitris glaucophylla,OSC,slow?,176
Eucalyptus diptera,OSC,slow,176
Eucalyptus dundasii,OSC,slow,176
Eucalyptus eremophila,RS,slow,176
Eucalyptus extensa,OSC,slow,176
Eucalyptus georgei ssp. georgei,OSC,slow,176
Eucalyptus livida,RS,,176
Eucalyptus longicornis,RS ep,,176
Eucalyptus melanoxylon,RS ep,,176
Eucalyptus oleosa,RS ep,,176
Eucalypyus protensa,OSC,slow,176
Eucalyptus ravida,OSC,slow,176
Eucalyptus rhomboidea,OSC,slow,176
Eucalyptus salubris,OSC,slow,176
Eucalyptus salmonophloia,"RS ep, OSC",slow,176
Eucalyptus sp. dendrosheath,OSC,slow,176
Eucalyptus tenuis,OSC,slow,176
Eucalyptus transcontinentalis,RS ep,,176
Eucalyptus urna,OSC,slow,176
Eucalyptus incerata,RS,,176
Eucalyptus cerasiformis,RS,,176
Acacia acuminata,OSS,medium,177
Acacia duriuscula,,,177
Allocasuarina acutivalvis,OSC,medium to slow,177
Allocasuarina campestris,OSC,,177
Allocasuarina helmsii,,,177
Allocasuarina globosa,,,177
Calothamnus asper,,,177
Calothamnus quadrifidus,RS/OSC,,177
Davieisa argillaceae,,,177
Dodanaea stenozyga,,,177
Exocarpus aphyllus,OSS,,177
Grevillea acuaria,OSS,,177
Grevillea huegellii,RS/OSS,,177
Grevillea oncogyne,OSS,,177
Grevillea pectinata,RS/OSS,,177
Hakea commutata,OSC,,177
Hakea multilineata,OSC,medium to slow,177
Hakea scoparia,OSC,rapid to medium,177
Melaleuca cordata,RS/OSC,,177
Melaleuca eleuterostachya,,,177
Melaleuca lanceolata,OSC,,177
Melaleuca lateriflora,RS/OSC,,177
Melaleuca pauperiflora,OSC,,177
Melaleuca pentagona,RS,,177
Melaleuca phoidophylla,,,177
Melaleuca hamata,RS,,177
Olearia muelleri,,,177
Pittosporum angustifolium,,,177
Thryptomene kochii,,,177
Allocasuarina huegeliana,OSC,slow,177
Eucalyptus occidentalis,RS ep / OSC,,177
Santalum spicatum,OSS,slow,177
Acacia acuminata,OSS,medium to slow,177
Acacia lasiocalyx,OSS?,,177
Calothamnus quadrifidus,RS/OSC,,177
Callistemon phoeniceus,,,177
Callitris preissii,OSC,slow,177
Callitris roei,OSC,slow,178
Calytrix tetragona,OSS?,,178
Dodanaea ceratocarpa,RS,,178
Hakea lissocarpha,RS,,178
Hypocalymma angustifolium,RS,,178
Hakea laurina,OSC,slow,178
Hakea preissii,OSC,,178
Hakea verrucosa,OSC,,178
Melaleuca acuminata,RS,,178
Melaleuca coccinea,,,178
Melaleuca elliptica,RS/OSC,medium,178
Melaleuca hamata,RS,,178
Melaleuca penicula,,,178
Santalum acuminatum,OSS,slow,178
Thryptomene australis,OSC,rapid,178
Verticordia spp,,,178
Borya spp,,,178
Eucalyptus spp,,,178
Eucalyptus pleurocarpa,RS,,178
Acacia drewiana spp minor,OSS,,178
Acacia unifillis,OSS,,178
Acacia aemula ssp. muricata,OSS,medium,178
Acacia chrysocephala,OSS,medium,178
Acacia shuttleworthii,OSS,,178
Acacia rostellata,OSS,medium,178
Acacia gonophylla,OSS,medium,178
Banksia arctotidis,RS,,178
Banksia brunnea,OSC,medium,178
Banksia calyei,OSC,slow,178
Banksa cirsioides,OSC,medium to slow,178
Banksia erythrocephala,RS,,178
Banksia falcata,OSC,medium to slow,178
Banksia media,OSC,medium to slow,178
Banksia nivea ssp. nivea,OSC,medium,179
Banksia pallida,OSC,slow,179
Banksia pilostylis,OSC,medium to slow,179
Banksia pteridifolia,RS,,179
Banksia rufa ssp. chemelocarpa,RS,,179
Banksia violacea,OSC,slow,179
Banksia xylothemelia,RS,,179
Beaufortia micrantha var.. micrantha,OSC,medium to slow,179
Beaufortia schaueri,OSC,medium to slow,179
Callitris drummondii,OSC,,179
Callitris preissii,OSC,slow,179
Calothamus gracilis,RS,,179
Daviesia audax,OSS,,179
Daviesia abnormis,RS,,179
Daviesia emarginata,OSS,,179
Daviesia incrassata,OSS,,179
Davieisa lancifolia,RS,,179
Daviesia pachyphylla,RS/OSS,,179
Daviesia sarrissa,OSS,,179
Daviesia teretifolia,RS/OSS,,179
Gastrolobium crassifolium,RS,,179
Gastrolobium latifolium,OSS,,179
Gastrolobium spinosum,OSS,rapid,179
Gompholobium confertum,OSS,,179
Gompholobium knightianum,OSS,,179
Gompholobium marginatum,OSS,,179
Grevillea cagiana,OSS,,179
Grevillea dolichopoda,OSS,medium,179
Grevillea oligantha,OSS,slow,179
Grevillea patentiloba,OSS,medium,179
Grevillea pectinata,RS/OSS,,179
Hakea cinerea,OSC,,179
Hakea commutata,OSC,,179
Hakea corymbosa,OSC,slow,179
Hakea crassifolia ssp. pandanicarpa,OSC,slow,179
Hakea cygna subsp.. cygna,OSC,,179
Hakea ferruginea,OSC,slow,179
Hakea horrida,OSC,,179
Hakea incrassata,RS,,179
Hakea laurina,OSC,slow,179
Hakea nitida,RS,,179
Hakea obliqua,OSC,,179
Hakea strumosa,OSC,,180
Hakea trifurcata,OSC,slow,180
Hakea verrucosa,OSC,,180
Isopogon buxifolius,OSC,slow,180
Isopogon sp. Fitzgerald,,,180
Isopogon teretifolius,RS,,180
Lambertia inermis,OSC,medium,180
Leptospermum spinescens,RS,,180
Leucopogon concinnus,,,180
Leucopogon conostephoides,OSS,medium,180
Leucopogon corynocarpus,,,180
Leucopogon gibbosus,OSS,,180
Leucopogon minutifolius,,,180
Melaleuca subfalcata,,,180
Melaleuca pulchella,RS,,180
Melaleuca suberosa,RS,,180
Persoonia striata,RS/OSS,,180
Petrophile squamata,OSC,slow,180
Pultenaea brachyphylla,OSS,,180
Taxandria spathulata,RS/OSC,,180
Xanthorrhoea platyphylla,RS,,180
Eucalyptus eremophila,RS,,180
Eucalyptus dissimulata,RS,,180
Eucalyptus kessellii,RS,,180
Eucalyptus forrestiana,OSC,slow,180
Eucalytpus leptocalyx,RS,,180
Eucalyptus spp,,,180
Acacia fragilis,,,180
Acacia resinomarginea,,,180
Acacia stereophylla,,,180
Allocasuarina acutivalvis,OSC,,180
Allocasuarina campestris,OSC,,180
Allocasuarina corniculata,,,180
Allocasuarina helmsii,,,180
Allocasuarina microstachys,RS,,180
Allocasuarina scleroclada,RS,,180
Banksia cirsioides,OSC,medium to slow,180
Banksia lullfitzii,RS,,180
Banksia elderiana,RS,,181
Banksia laevigata subsp. fuscolutea,OSC,medium to slow,181
Banksia media,OSC,slow,181
Banksia purdieana,?OSC,,181
Beaufortia micrantha var. micrantha,OSC,medium to slow,181
Beaufortia schaueri,OSC,medium to slow,181
Callitris preissii,OSC,slow,181
Calothamnus gracilis,RS,,181
Calothamnus quadrifidus,RS/OSC,,181
Eremophila spp,,,181
Exocarpus aphyllus,OSS,,181
Gastrolobium spinosum,OSS,,181
Grevillea huegellii,RS/ OSS,,181
Grevillea oncogyne,OSS,,181
Grevillea cagiana,OSS,,181
Grevillea concinna,OSS,,181
Grevillea excelsior,OSS,,181
Grevillea hookeriana,OSS,,181
Grevillea incrassata,,,181
Grevilea rufa,,,181
Grevillea didymobotyra,,,181
Grevillea integrifolia,,,181
Grevillea teretifolia,,,181
Hakea cygna ssp. cygna,OSC,,181
Hakea commutata,OSC,,181
Hakea falcata,OSC,medium to slow,181
Hakea laurina,OSC,slow,181
Hakea multilineata,OSC,medium to slow,181
Hakea crassifolia spp pandanicarpa,OSC,slow,181
Hakea roei,,,181
Hakea subsulcata,OSC,slow,181
Isopogon gardneri,,,181
Isopogon scabriusculus,,,181
Leptospermum roei,,,181
Melaleuca acuminata,OSC,medium,181
Melaleuca calycina,OSC,medium to slow,181
Melaleuca cordata,RS/OSC,,181
Melaleuca pungens,OSC,medium,181
Melaleuca pauperiflora spp pauperiflora,OSC,,181
Melaleuca sapientes,OSC,,181
Melaleuca subfalcata,,,181
Melaleuca undulata,OSC,,182
Petrophile seminuda,RS/OSC,,182
Petrophile stricta,,,182
Thryptomene appressa,,,182
Thryptomene kochii,,,182
Eucalyptus spp,RS,,182
Gastrolobium parviflorum,OSS,medium,182
Grevillea huegelii,OSS,,182
Grevillea pectinata,RS/OSS,,182
Hakea commutata,OSC,,182
Hakea verrucosa,OSC,,182
Melaleuca cordata,RS/OSC,,182
Melaleuca cornicarpa,OSC?,,182
Melaleuca cucullata,OSC?,,182
Melaleuca eleuterostachya,,,182
Melaleuca hamata,RS,,182
Melaleuca lateriflora ssp. lateriflora,RS,,182
Melaleuca pauperiflora spp pauperiflora,OSC,,182
Melaleuca sapientes,OSC,,182
Melaleuca societatis,OSC,,182
Melaleuca teuthidoides,,,182
Melaleuca torquata,,,182
Melaleuca undulata,OSC,,182
Sanatalum acuminatum,OSS,slow,182
Eucalyptus spp,,,183
Banksia baueri,OSC,slow,183
Banksia baxteri,OSC,medium to slow,183
Banksia brunnea,OSC,medium,183
Banksia cirsioides,OSC,medium,183
Banksia coccinea,OSC,medium to slow,183
Banksia media,OSC,medium to slow,183
Banksia nutans,OSC,slow,183
Banksia obtusa,OSC,,183
Banksia obovata,OSC,medium,183
Banksia pilostylis,OSC,medium to slow,183
Banksia pulchella,OSC,slow,183
Banksia speciosa,OSC,medium to slow,183
Banksia violacea,OSC,,183
Beaufortia empetrifolia,OSC,medium,183
Beaufortia micrantha,OSC,medium to slow,183
Beaufortia schaueri,OSC,,183
Callitris drummondii,OSC,,183
Callitris preissii,OSC,slow,183
Callitris roei,OSC,slow,183
Calothamnus gracilis,RS,,183
Conospermum distichium,RS/OSS,,183
Conospermum teretifolium,RS,,183
Davieisa teretifolia,RS/OSS,,183
Lambertia inermis,OSC,medium,183
Hakea commutata,,,183
Hakea corymbosa,OSC,slow,183
Hakea cinerea,OSC,,183
Hakea laurina,OSC,,183
Hakea marginata,RS,,183
Hakea nitida,RS,,183
Hakea sulcata,OSC,,183
Hakea trifurcata,OSC,slow,183
Isopogon polycephalus,RS,,183
Isopogon trilobus,OSC,medium to slow,183
Melaleuca brevifolia,?OSC,,184
Melaleuca pulchella,RS,,184
Melaleuca subfalcata,?,,184
Melaleuca striata,RS,,184
Melaleuca thapsina,OSC,,184
Petrophile fastigiata,OSC?,,184
Petrophile phyllicoides,OSC,slow,184
Petrophile seminuda,RS/OSC,,184
Petrophile seorsiflora,,,184
Petrophile squamata,OSC,slow,184
Petrophile teretifolia,RS/OSC,,184
Phymatocarpus maxwellii,OSC,,184
Santalum acuminatum,OSS,slow,184
Stirlingia anaethifolia,OSS,rapid,184
Verticordia vicinella,OSS?,,184
Xanthorrhoea playtphylla,RS,,184
Eucalyptus occidentalis,RS ep /OSC,,184
Melaleuca cuticularis,RS ep,,184
Melaleuca thapsina,OSC,,184
Eucalyptus captiosa,RS,,185
Eucalyptus extrica,RS,,185
Eucalyptus goniantha notac,RS,,185
Eucalyptus insularis,RS,,185
Eucalyptus ligulata ssp ligulata,RS,,185
Eucalyptus litorea,RS,,185
Eucalyptus micranthera,RS,,185
Eucalyptus tetragona,RS,,185
Adenanthos cuneatus,RS,,185
Agonis baxteri,RS,,185
Allocasuarina lehmanniana,OSC,,185
Allocasuarina sclerocalda,RS,,185
Allocasuarina trichodon,OSC,,185
Banksia alliaceae,OSC,,185
Banksia armata,RS,,185
Banksia armata var. ignicida,OSC,,185
Banksia media,OSC,medium to slow,185
Banksia nivea,OSC,,185
Banksia nutans,OSC,slow,185
Banksia obovata,OSC,medium,185
Banksia obtusa,OSC,,185
Banksia occidentalis,OSC,medium,185
Banksia petiolaris,OSC,medium,185
Banksia pilostylis,OSC,medium to slow,185
Banksia prolata ssp. prolata,OSC,,185
Banksia pulchella,OSC,slow,185
Banksia repens,RS,,185
Banksia speciosa,OSC,medium to slow,185
Banksia tenuis,OSC,,185
Banksia violacea,OSC,,185
Beaufortia empetrifolia,OSC,medium,185
Beaufortia micrantha,OSC,medium to slow,185
Beaufortia schaueri,OSC,,185
Callitris drummondii,OSC,,185
Callitris preissii,OSC,slow,185
Callitris roei,OSC,slow,186
Calothamnus gracilis,RS,,186
Conospermum distichium,RS/OSS,,186
Conospermum teretifolium,RS,,186
Conothamnus aureus,RS,,186
Davieisa teretifolia,RS/OSS,,186
Lambertia inermis,OSC,medium,186
Melaleuca suberosa,RS,,186
Grevillea coccinea,OSS,,186
Grevillea pauciflora,OSS,,186
Hakea commutata,OSC,,186
Hakea corymbosa,OSC,slow,186
Hakea cinerea,OSC,,186
Hakea laurina,OSC,medium,186
Hakea marginata,RS,,186
Hakea obliqua,OSC,,186
Hakea nitida,RS,,186
Hakea ruscifolia,RS,,186
Hakea scoparia ssp trycherica,OSC,,186
Hakea sulcata,OSC,,186
Hakea trifurcata,OSC,slow,186
Hakea tuberculata,OSC,,186
Isopogon formosus,OSC,rapid to medium,186
Isopogon heterophyllus,?OSC,,186
Isopogon polycephalus,RS,,186
Isopogon trilobus,OSC,medium to slow,186
Isopogon sp Fitzgerald,,,186
Isopogon sp. Ravesnthorpe,,,186
Jacksonia spinosa,OSS,,186
Jacksonia viscosa,,,186
Macrozamia dyeri,RS,,186
Melaleuca acuimnata,OSC,medium,186
Melaleuca calycina,RS,,186
Melaleuca cucullata,OSC,,186
Melaleuca elliptica,OSC,medium,186
Melaleuca fulgens,RS?,,186
Melaleuca glaberrima,OSC,,186
Melaleuca globiferra,RS/OSC,,186
Melaleuca incana ssp. tenella,OSC,,186
Melaleuca pauperiflora,OSC,,186
Melaleuca pentagona,RS/OSC,,186
Melaleuca pulchella,RS,,186
Melaleuca subfalcata,,,187
Melaleuca scabra,RS/OSC,,187
Melaleuca societatis,OSC,,187
Melaleuca striata,RS,,187
Melaleuca suberosa,RS,,187
Melaleuca thapsina,OSC,,187
Melaleuca thymoides,RS,,187
Melaleuca tuberculata,,,187
Petrophile fastigiata,OSC?,,187
Petrophile phyllicoides,OSC,slow,187
Petrophile squamata,OSC,slow,187
Petrophile teretifolia,OSC,medium to slow,187
Phymatocarpus maxwellii,OSC,,187
Santalum acuminatum,OSS,slow,187
Stirlingia anaethifolia,OSS,rapid,187
Taxandria callistachys,RS,,187
Taxandria conspicua ssp. abrupta,RS?,,187
Taxandria spathulata,RS/OSC,,187
Xanthorrhoea playtphylla,RS,,187
Gahnia sp. L,RS?,,187
Eucalyptus occidentalis,RS ep / OSC,,187
Melaleuca cuticularis,RS ep,,187
Melaleuca incana ssp tenella,OSC,,187
Melaleuca thapsina,OSC,,187
Eucalyptus surgens,RS,,188
Eucalyptus spp,,,188
Acacia carnosula,,,188
Acacia glaucoptera,OSS,,188
Acacia gonophylla,OSS,,188
Acacia mutabilis ssp angustifolia,OSS,,188
Acacia mutabilis ssp. mutabilis,OSS,,188
Acacia myrtifolia,OSS,,188
Allocasuarina helmsii,,,188
Allocasuarina preissii,,,188
Allocasuarina scleroclada,RS,,188
Acacia oswaldii,,,188
Adeanthos cuneatus,RS,,188
Adenanthos dobsonii,,,188
Adenanthos eyri,OSS,,188
Adenanthos forrestii,RS,,188
Agonis baxteri,RS,,188
Banksia epica,OSC,,188
Banksia media,OSC,medium to slow,188
Banksia nutans,OSC,slow,188
Banksia obtusa,OSC,,188
Banksia obovata,OSC,medium to slow,188
Banksia pulchella,OSC,slow,188
Banksia petiolaris,OSC,medium,188
Banksia speciosa,OSC,medium to slow,188
Beaufortia empetrifolia,OSC,medium,188
Beaufortia micrantha,OSC,medium to slow,188
Beaufortia schaueri,OSC,,188
Bossiaea walkeri,,,188
Callitris preissii,OSC,slow,188
Callitris roei,OSC,slow,188
Calothamnus gracilis,RS,,188
Conospermum leianthumssp leianthum,,,188
Conospermum leianthum ssp orientale,,,188
Conospermum teretifolium,RS,,188
Conothamnus aureus,RS,,189
Chamelaucium axillare,?OSS,,189
Daviesia spp,,,189
Dodanaea spp,,,189
Gastrolobium muscaeum,,,189
Gastrolobium parviflorum,OSS,medium,189
Grevillea baxteri,,,189
Grevillea concinna,?OSS,,189
Grevillea oligantha,OSS/RS,,189
Grevillea pauciflora,OSS,,189
Grevillea plurijuga,OSS,,189
Grevillea tripartita ssp. macrostylis,OSS,,189
Hakea adnata,OSC?,,189
Hakea cinerea,OSC,,189
Hakea corymbosa,OSC,slow,189
Hakea nitida,RS,,189
Hakea obliqua,OSC,medium,189
Hakea pandanicarpa ssp. crassifolia,OSC,slow,189
Hakea varia,RS,,189
Isopogon polycephalus,RS,,189
Isopogon trilobus,OSC,medium to slow,189
Jacksonia capitata,,,189
Jacksonia condensata,,,189
Jacksonia venosa,,,189
Labichea lanceolata ssp. brevifolia,,,189
Lasiopetalum parvuliflorum,,,189
Leucopogon spp,,,189
Leucopogon breviflorus,,,189
Leucopogon conostephoides,OSS,medium,189
Leucopogon Kau Rock,,,189
Leucopogon woodsii,,,189
Lysinema ciliatum,OSS,medium,189
Melaleuca apodocephala,,,189
Melaleuca brevifolia,,,189
Melaleuca cucullata,OSC?,,189
Melaleuca glaberrima,OSC,,189
Melaleuca lecanantha,,,189
Melaleuca pentagona ssp. latifolia,,,189
Melaleuca pulchella,RS,,189
Melaleuca scabra,RS,,189
Melaleuca striata,RS,,189
Melaleuca strobophylla,,,189
Melaleuca undulata,OSC,,190
Melaleuca viminea,OSC,medium,190
Petrophile teretifolia,RS/OSC,,190
Phymatocarpus maxwellii,OSC,,190
Senna artesmoides,,,190
Stirlingia anethifolia,OSC,rapid,190
Styphelia hainsii,,,190
Styphelia pulchella,,,190
Taxandria spathulata,RS/OSC,,190
Verticordia spp,,,190
E. forrestiana,OSC,,191
E. dolichoryncha,OSC,,191
E. dundasii,OSC,,191
Eucalyptus goniocarpa,OSC,,191
E. kumarlensis,OSC,,191
E salmonophloia,OSC,,191
E. spreta,OSC,,191
E. urna,OSC,,191
E. valens,OSC,,191
E. salmonophloia,OSC,,191
E. occidentalis,RSep/OSC,,191
Eucalytpus oleosa,RSep,,191
Eucalyptus cooperiana,RS,,191
Eucalyptus leptocalyx,RS,,191
Eucalyptus occidentalis,RS/OSC,,191
Eucalyptus uncinata,RS,,191
Adenanthos ileticos,,,191
Allocasuarina huegeliana,OSC,,191
Allocasuarina scleroclada,RS,,191
Allocasuarina spinosissima,?,,191
Banksia media,OSC,slow,191
Banksia pilostylis,OSC,medium to slow,191
Banksia tenuis,OSC,,191
Beaufortia schaueri,OSC,,191
Callitris canescens,OSC,,191
Callitris preissii,OSC,slow,191
Callitris roei,OSC,slow,191
Calothamnus quadrifidus,RS,,191
Choretrum glomeratum,,,191
Cratystylis conocephala,OSS?,,192
Exocarpus sparteus,OSS,,192
Hakea cinerea,,,192
Hakea laurina,OSC,medium,192
Hakea lissocarpha,RS,,192
Hakea multilineata,OSC,medium to slow,192
Hakea nitida,RS,,192
Hakea francisiana,?OSC,slow,192
Grevillea acuaria,OSS,,192
Grevillea pauciflora,OSS,,192
Grevilliea plurijuga,RS/OSS,,192
Grevillea huegellii,RS/OSS,,192
Leptospermum erubescens,RS,,192
Melaleuca acuminata,RS,,192
Melaleuca calycina,RS,,192
Melaleuca cucullata,OSC,,192
Melaleuca hamata,RS,,192
Melaleuca eleuterostachya,,,192
Melaleuca laxiflora,,,192
Melaleuca pauperiflora ssp. fastigiata,OSC,,192
Melleuca pulchella,RS,,192
Melaleuca sheathiana,OSC?,,192
Melaleuca subalaris,,,192
Melaleuca undulata,OSC,,192
Petrophile squamata,OSC,slow,192
Phymatocarpus maxwellii,OSC,,192
Santalum acuminatum,OSS,slow,192
Santalum murrayanum,OSS?,,192
Styphelia hainsii,,,192
Templetonia retusa,OSS,,192
Trymalium myrtillus ssp. myrtillus,,,192
Thryptomene australis ssp. brachyandra,,,192
Westringia spp,,,192
Eucalyptus conferruminata,OSC,slow,193
Eucalyptus utilis,OSC,slow,193
Acacia conniana,OSS,,193
Allocasuarina trichodon,OSC,,193
Callitris preissii,OSC,slow,193
Callitris drummondii,OSC,,193
Paraserianthes lophantha,OSS,rapid,193
Eucalyptus angulosa,RS,,193
Eucalyptus cuspidata,RS,,193
Eucalyptus cornuta,RS ep,,193
Acacia cyclops,OSS,rapid,193
Acacia heteroclita spp heteroclita,OSS,,193
Acacia myrtifolia,OSS,rapid,193
Acacia rostellifera,OSS,rapid to medium,193
Alogyne hakeifolia,OSS,rapid,193
Alyxia buxifolia,,,193
Anthocercis genistoides,OSS,rapid,193
Anthocercis littorea,,,193
Anthocercis viscosa ssp. caudata,,,193
Astartea fascicularis,RS,,193
Bossiaea dentata,OSS,,193
Calytrix tetragona,,,193
Calothamnus quadrifidus,RS/OSC,,193
Chorilaena quercifolia,OSS,rapid,193
Dillwynia pungens,OSS,,193
Dodanaea ceratocarpa,RS,,193
Dodanaea viscosa,OSS,,193
Eucalyptus cornuta,RS ep,,193
Eucalyptus aff cornuta,RS,,193
Eutaxia myrtifolia,OSS,rapid,193
Gastrolobium bilobum,OSS,rapid,193
Hakea clavata,OSC,,193
Hakea drupacea,OSC,slow,193
Hibbertia racemosa,OSS,rapid,193
Kunzea baxteri,OSS,,194
Leucopogon apiculatus,,,194
Leucopogon interruptus,OSS,,194
Leucopogon parviflorus,RS,,194
Leucopogon obovatus,OSS,,194
Leucopogon rotundifolius,,,194
Melaleuca elliptica,RS/OSC,medium,194
Melaleuca globifera,RS/OSC,slow,194
Melaleuca lanceolata,OSC,slow,194
Melaleuca pentagona,OSC,,194
Melaleuca viminea ssp. demissa,?OSC,,194
Myoporum insulare,,,194
Myoporum tetrandum,OSC,,194
Phyllanthus calycinus,OSS,,194
Phyllantus scaber,OSS,,194
Pimelea clavata,OSS,,194
Pimelea argentea,OSS,,194
Pomaderris myrtilloides,,,194
Pultenaeae heteroclita,OSS,,194
Rhadinothamnus rudis,OSS,,194
Rulingia coryfolia,rapid,,194
Spyridium globulosum,OSS,rapid,194
Taxandria marginata,RS/OSC,,194
Templetonia retusa,OSS,medium,194
Trymalium odaritissimum,OSS,rapid,194
Thryptomene saxicola,OSC,,194
