dataset_id,find,cleaned_name,replace,taxonomic_dataset,taxon_rank,aligned_reason,alignment_code,
Barrett_2009,Acacia spp,Acacia sp.,Acacia sp. [Barrett_2009],APC,genus,Exact match of taxon name ending with `sp.` to an APC genus (2023-09-08),match_01a_exact_genus_accepted_or_known,
Barrett_2009,Atriplex spp,Atriplex sp.,Atriplex sp. [Barrett_2009],APC,genus,Exact match of taxon name ending with `sp.` to an APC genus (2023-09-08),match_01a_exact_genus_accepted_or_known,
Barrett_2009,Baumea spp,Baumea sp.,Baumea sp. [Barrett_2009],APC,genus,Exact match of taxon name ending with `sp.` to an APC genus (2023-09-08),match_01a_exact_genus_accepted_or_known,
Barrett_2009,Boronia sp..,Boronia sp.,Boronia sp. [Barrett_2009],APC,genus,Exact match of taxon name ending with `sp.` to an APC genus (2023-09-08),match_01a_exact_genus_accepted_or_known,
Barrett_2009,Borya sp..,Borya sp.,Borya sp. [Barrett_2009],APC,genus,Exact match of taxon name ending with `sp.` to an APC genus (2023-09-08),match_01a_exact_genus_accepted_or_known,
Barrett_2009,Borya spp,Borya sp.,Borya sp. [Barrett_2009],APC,genus,Exact match of taxon name ending with `sp.` to an APC genus (2023-09-08),match_01a_exact_genus_accepted_or_known,
Barrett_2009,Daviesia spp,Daviesia sp.,Daviesia sp. [Barrett_2009],APC,genus,Exact match of taxon name ending with `sp.` to an APC genus (2023-09-08),match_01a_exact_genus_accepted_or_known,
Barrett_2009,Eremophila spp,Eremophila sp.,Eremophila sp. [Barrett_2009],APC,genus,Exact match of taxon name ending with `sp.` to an APC genus (2023-09-08),match_01a_exact_genus_accepted_or_known,
Barrett_2009,Eucalyptus spp,Eucalyptus sp.,Eucalyptus sp. [Eucalyptus sp. 1; Barrett_2009],APC,genus,Exact match of taxon name ending with `sp.` to an APC genus (2023-09-08),match_01a_exact_genus_accepted_or_known,x
Barrett_2009,Eucalyptus spp,Eucalyptus sp.,Eucalyptus sp. [Eucalyptus sp. 2; Barrett_2009],APC,genus,Exact match of taxon name ending with `sp.` to an APC genus (2023-09-08),match_01a_exact_genus_accepted_or_known,x
Barrett_2009,Frankenia spp,Frankenia sp.,Frankenia sp. [Barrett_2009],APC,genus,Exact match of taxon name ending with `sp.` to an APC genus (2023-09-08),match_01a_exact_genus_accepted_or_known,
Barrett_2009,Grevillea spp,Grevillea sp.,Grevillea sp. [Barrett_2009],APC,genus,Exact match of taxon name ending with `sp.` to an APC genus (2023-09-08),match_01a_exact_genus_accepted_or_known,
Barrett_2009,Juncus spp,Juncus sp.,Juncus sp. [Barrett_2009],APC,genus,Exact match of taxon name ending with `sp.` to an APC genus (2023-09-08),match_01a_exact_genus_accepted_or_known,
Barrett_2009,Keraudrenia sp..,Keraudrenia sp.,Keraudrenia sp. [Barrett_2009],APC,genus,Exact match of taxon name ending with `sp.` to an APC genus (2023-09-08),match_01a_exact_genus_accepted_or_known,
Barrett_2009,Leucopogon spp,Leucopogon sp.,Leucopogon sp. [Barrett_2009],APC,genus,Exact match of taxon name ending with `sp.` to an APC genus (2023-09-08),match_01a_exact_genus_accepted_or_known,
Barrett_2009,Meeboldina spp,Meeboldina sp.,Meeboldina sp. [Barrett_2009],APC,genus,Exact match of taxon name ending with `sp.` to an APC genus (2023-09-08),match_01a_exact_genus_accepted_or_known,
Barrett_2009,Melaleuca spp,Melaleuca sp.,Melaleuca sp. [Barrett_2009],APC,genus,Exact match of taxon name ending with `sp.` to an APC genus (2023-09-08),match_01a_exact_genus_accepted_or_known,
Barrett_2009,Schoenus spp,Schoenus sp.,Schoenus sp. [Barrett_2009],APC,genus,Exact match of taxon name ending with `sp.` to an APC genus (2023-09-08),match_01a_exact_genus_accepted_or_known,
Barrett_2009,Sphaerolobium spp,Sphaerolobium sp.,Sphaerolobium sp. [Barrett_2009],APC,genus,Exact match of taxon name ending with `sp.` to an APC genus (2023-09-08),match_01a_exact_genus_accepted_or_known,
Barrett_2009,Thomasia sp.,Thomasia sp.,Thomasia sp. [Barrett_2009],APC,genus,Exact match of taxon name ending with `sp.` to an APC genus (2023-09-08),match_01a_exact_genus_accepted_or_known,
Barrett_2009,Verticordia spp,Verticordia sp.,Verticordia sp. [Barrett_2009],APC,genus,Exact match of taxon name ending with `sp.` to an APC genus (2023-09-08),match_01a_exact_genus_accepted_or_known,
Barrett_2009,Westringia spp,Westringia sp.,Westringia sp. [Barrett_2009],APC,genus,Exact match of taxon name ending with `sp.` to an APC genus (2023-09-08),match_01a_exact_genus_accepted_or_known,
Barrett_2009,Dodanaea spp,Dodanaea sp.,Dodonaea sp. [Barrett_2009],APC,genus,Fuzzy match of taxon name ending with `sp.` to an APC-accepted genus (2023-09-08),match_01b_fuzzy_genus_accepted,
Barrett_2009,Callistachys lanceolatum / sp South Coast,Callistachys lanceolatum / sp. South Coast,Callistachys sp. [Callistachys lanceolatum / sp. South Coast; Barrett_2009],APC,genus,Exact match to APC genus. Taxon name includes '/' (slash) indicating an uncertain species identification but an accepted genus and taxon can only be aligned to genus-rank (2023-09-08),match_04a_indecision_accepted_or_known_genus,
Barrett_2009,Acacia drummondii ssp. elegans Porongurup variant (R.J. Cumming 938),Acacia drummondii subsp. elegans Porongurup variant (R.J. Cumming 938),Acacia drummondii subsp. elegans Porongurup variant (R.J.Cumming 938),APC,subspecies,Fuzzy match of taxon name to an APC-accepted canonical name once punctuation and filler words are removed (2023-09-08),match_07a_fuzzy_accepted_canonical_name,
Barrett_2009,Acacia leioderma Fitzgerald River N.P. variant (A.S. George 9922),Acacia leioderma Fitzgerald River N.P. variant (A.S. George 9922),Acacia leioderma var. Fitzgerald River N.P. variant (A.S.George 9922),APC,variety,Fuzzy match of taxon name to an APC-accepted canonical name once punctuation and filler words are removed (2023-09-08),match_07a_fuzzy_accepted_canonical_name,
Barrett_2009,Acacia sp. Esperance (M.A. Burgman 1833b),Acacia sp. Esperance (M.A. Burgman 1833b),Acacia sp. Esperance (M.A.Burgman 1833b),APC,species,Fuzzy match of taxon name to an APC-accepted canonical name once punctuation and filler words are removed (2023-09-08),match_07a_fuzzy_accepted_canonical_name,
Barrett_2009,Acacia sp. Petrudor Rocks (B.R. Maslin 7714),Acacia sp. Petrudor Rocks (B.R. Maslin 7714),Acacia sp. Petrudor Rocks (B.R.Maslin 7714),APC,species,Fuzzy match of taxon name to an APC-accepted canonical name once punctuation and filler words are removed (2023-09-08),match_07a_fuzzy_accepted_canonical_name,
Barrett_2009,Acacia sp. Ravensthorpe Range (B.R. Maslin 5463),Acacia sp. Ravensthorpe Range (B.R. Maslin 5463),Acacia sp. Ravensthorpe Range (B.R.Maslin 5463),APC,species,Fuzzy match of taxon name to an APC-accepted canonical name once punctuation and filler words are removed (2023-09-08),match_07a_fuzzy_accepted_canonical_name,
Barrett_2009,Acacia sulcata ssp. sulcata,Acacia sulcata subsp. sulcata,Acacia sulcata var. sulcata,APC,variety,Fuzzy match of taxon name to an APC-accepted canonical name once punctuation and filler words are removed (2023-09-08),match_07a_fuzzy_accepted_canonical_name,
Barrett_2009,Acacia tryptycha,Acacia tryptycha,Acacia triptycha,APC,species,Fuzzy match of taxon name to an APC-accepted canonical name once punctuation and filler words are removed (2023-09-08),match_07a_fuzzy_accepted_canonical_name,
Barrett_2009,Acacia unifillis,Acacia unifillis,Acacia unifissilis,APC,species,Fuzzy match of taxon name to an APC-accepted canonical name once punctuation and filler words are removed (2023-09-08),match_07a_fuzzy_accepted_canonical_name,
Barrett_2009,Adeanthos cuneatus,Adeanthos cuneatus,Adenanthos cuneatus,APC,species,Fuzzy match of taxon name to an APC-accepted canonical name once punctuation and filler words are removed (2023-09-08),match_07a_fuzzy_accepted_canonical_name,
Barrett_2009,Adenanthos eyri,Adenanthos eyri,Adenanthos eyrei,APC,species,Fuzzy match of taxon name to an APC-accepted canonical name once punctuation and filler words are removed (2023-09-08),match_07a_fuzzy_accepted_canonical_name,
Barrett_2009,Adenanthos labilliardierei,Adenanthos labilliardierei,Adenanthos labillardierei,APC,species,Fuzzy match of taxon name to an APC-accepted canonical name once punctuation and filler words are removed (2023-09-08),match_07a_fuzzy_accepted_canonical_name,
Barrett_2009,Adenanthos sericeous,Adenanthos sericeous,Adenanthos sericeus,APC,species,Fuzzy match of taxon name to an APC-accepted canonical name once punctuation and filler words are removed (2023-09-08),match_07a_fuzzy_accepted_canonical_name,
Barrett_2009,Allocasuarina hystericosa,Allocasuarina hystericosa,Allocasuarina hystricosa,APC,species,Fuzzy match of taxon name to an APC-accepted canonical name once punctuation and filler words are removed (2023-09-08),match_07a_fuzzy_accepted_canonical_name,
Barrett_2009,Allocasuarina microstachys,Allocasuarina microstachys,Allocasuarina microstachya,APC,species,Fuzzy match of taxon name to an APC-accepted canonical name once punctuation and filler words are removed (2023-09-08),match_07a_fuzzy_accepted_canonical_name,
Barrett_2009,Allocasuarina sclerocalda,Allocasuarina sclerocalda,Allocasuarina scleroclada,APC,species,Fuzzy match of taxon name to an APC-accepted canonical name once punctuation and filler words are removed (2023-09-08),match_07a_fuzzy_accepted_canonical_name,
Barrett_2009,Andersonia hammerslyeana,Andersonia hammerslyeana,Andersonia hammersleyana,APC,species,Fuzzy match of taxon name to an APC-accepted canonical name once punctuation and filler words are removed (2023-09-08),match_07a_fuzzy_accepted_canonical_name,
Barrett_2009,Astroloma sp. Grass Patch (A.J.G. Wilson 110),Astroloma sp. Grass Patch (A.J.G. Wilson 110),Astroloma sp. Grass Patch (A.J.G.Wilson 110),APC,species,Fuzzy match of taxon name to an APC-accepted canonical name once punctuation and filler words are removed (2023-09-08),match_07a_fuzzy_accepted_canonical_name,
Barrett_2009,Baeckea sp. Gibson (K.R. Newbey 11084),Baeckea sp. Gibson (K.R. Newbey 11084),Baeckea sp. Gibson (K.R.Newbey 11084),APC,species,Fuzzy match of taxon name to an APC-accepted canonical name once punctuation and filler words are removed (2023-09-08),match_07a_fuzzy_accepted_canonical_name,
Barrett_2009,Baeckea sp. Hatter Hill (K.R. Newbey 3284),Baeckea sp. Hatter Hill (K.R. Newbey 3284),Baeckea sp. Hatter Hill (K.R.Newbey 3284),APC,species,Fuzzy match of taxon name to an APC-accepted canonical name once punctuation and filler words are removed (2023-09-08),match_07a_fuzzy_accepted_canonical_name,
Barrett_2009,Baeckea sp. Mt Gibbs (G.F. Craig 7031),Baeckea sp. Mt Gibbs (G.F. Craig 7031),Baeckea sp. Mt Gibbs (G.F.Craig 7031),APC,species,Fuzzy match of taxon name to an APC-accepted canonical name once punctuation and filler words are removed (2023-09-08),match_07a_fuzzy_accepted_canonical_name,
Barrett_2009,Baeckea sp. Mt Glasse (P.G. Wilson 5717),Baeckea sp. Mt Glasse (P.G. Wilson 5717),Baeckea sp. Mt Glasse (P.G.Wilson 5717),APC,species,Fuzzy match of taxon name to an APC-accepted canonical name once punctuation and filler words are removed (2023-09-08),match_07a_fuzzy_accepted_canonical_name,
Barrett_2009,Baeckea sp. Youndegin Hill (A.S. George 15772),Baeckea sp. Youndegin Hill (A.S. George 15772),Baeckea sp. Youndegin Hill (A.S.George 15772),APC,species,Fuzzy match of taxon name to an APC-accepted canonical name once punctuation and filler words are removed (2023-09-08),match_07a_fuzzy_accepted_canonical_name,
Barrett_2009,Bankisa plumosa ssp. denticulata,Bankisa plumosa subsp. denticulata,Banksia plumosa subsp. denticulata,APC,subspecies,Fuzzy match of taxon name to an APC-accepted canonical name once punctuation and filler words are removed (2023-09-08),match_07a_fuzzy_accepted_canonical_name,
Barrett_2009,Banksa cirsioides,Banksa cirsioides,Banksia cirsioides,APC,species,Fuzzy match of taxon name to an APC-accepted canonical name once punctuation and filler words are removed (2023-09-08),match_07a_fuzzy_accepted_canonical_name,
Barrett_2009,Banksia alliaceae,Banksia alliaceae,Banksia alliacea,APC,species,Fuzzy match of taxon name to an APC-accepted canonical name once punctuation and filler words are removed (2023-09-08),match_07a_fuzzy_accepted_canonical_name,
Barrett_2009,Banksia armata subsp.. ignicida,Banksia armata subsp. ignicida,Banksia armata var. ignicida,APC,variety,Fuzzy match of taxon name to an APC-accepted canonical name once punctuation and filler words are removed (2023-09-08),match_07a_fuzzy_accepted_canonical_name,
Barrett_2009,Banksia cirsiodes,Banksia cirsiodes,Banksia cirsioides,APC,species,Fuzzy match of taxon name to an APC-accepted canonical name once punctuation and filler words are removed (2023-09-08),match_07a_fuzzy_accepted_canonical_name,
Barrett_2009,Banksia dryandoides,Banksia dryandoides,Banksia dryandroides,APC,species,Fuzzy match of taxon name to an APC-accepted canonical name once punctuation and filler words are removed (2023-09-08),match_07a_fuzzy_accepted_canonical_name,
Barrett_2009,Banksia dyandroides,Banksia dyandroides,Banksia dryandroides,APC,species,Fuzzy match of taxon name to an APC-accepted canonical name once punctuation and filler words are removed (2023-09-08),match_07a_fuzzy_accepted_canonical_name,
Barrett_2009,Banksia erythrocaephala,Banksia erythrocaephala,Banksia erythrocephala,APC,species,Fuzzy match of taxon name to an APC-accepted canonical name once punctuation and filler words are removed (2023-09-08),match_07a_fuzzy_accepted_canonical_name,
Barrett_2009,Banksia lemmaniana,Banksia lemmaniana,Banksia lemanniana,APC,species,Fuzzy match of taxon name to an APC-accepted canonical name once punctuation and filler words are removed (2023-09-08),match_07a_fuzzy_accepted_canonical_name,
Barrett_2009,Banksia lepidorrhiza,Banksia lepidorrhiza,Banksia lepidorhiza,APC,species,Fuzzy match of taxon name to an APC-accepted canonical name once punctuation and filler words are removed (2023-09-08),match_07a_fuzzy_accepted_canonical_name,
Barrett_2009,Banksia meisnerii,Banksia meisnerii,Banksia meisneri,APC,species,Fuzzy match of taxon name to an APC-accepted canonical name once punctuation and filler words are removed (2023-09-08),match_07a_fuzzy_accepted_canonical_name,
Barrett_2009,Banksia nutans ssp. nutans,Banksia nutans subsp. nutans,Banksia nutans var. nutans,APC,variety,Fuzzy match of taxon name to an APC-accepted canonical name once punctuation and filler words are removed (2023-09-08),match_07a_fuzzy_accepted_canonical_name,
Barrett_2009,Banksia rufa ssp. pumilo,Banksia rufa subsp. pumilo,Banksia rufa subsp. pumila,APC,subspecies,Fuzzy match of taxon name to an APC-accepted canonical name once punctuation and filler words are removed (2023-09-08),match_07a_fuzzy_accepted_canonical_name,
Barrett_2009,Banksia sphaerocarpa ssp. sphaerocarpa,Banksia sphaerocarpa subsp. sphaerocarpa,Banksia sphaerocarpa var. sphaerocarpa,APC,variety,Fuzzy match of taxon name to an APC-accepted canonical name once punctuation and filler words are removed (2023-09-08),match_07a_fuzzy_accepted_canonical_name,
Barrett_2009,Banksia violaceae,Banksia violaceae,Banksia violacea,APC,species,Fuzzy match of taxon name to an APC-accepted canonical name once punctuation and filler words are removed (2023-09-08),match_07a_fuzzy_accepted_canonical_name,
Barrett_2009,Banksia violaceae,Banksia violaceae,Banksia violacea,APC,species,Fuzzy match of taxon name to an APC-accepted canonical name once punctuation and filler words are removed (2023-09-08),match_07a_fuzzy_accepted_canonical_name,
Barrett_2009,Banskia calophylla,Banskia calophylla,Banksia calophylla,APC,species,Fuzzy match of taxon name to an APC-accepted canonical name once punctuation and filler words are removed (2023-09-08),match_07a_fuzzy_accepted_canonical_name,
Barrett_2009,Beaufortia cyrodonta,Beaufortia cyrodonta,Beaufortia cyrtodonta,APC,species,Fuzzy match of taxon name to an APC-accepted canonical name once punctuation and filler words are removed (2023-09-08),match_07a_fuzzy_accepted_canonical_name,
Barrett_2009,Bnaksia grandis,Bnaksia grandis,Banksia grandis,APC,species,Fuzzy match of taxon name to an APC-accepted canonical name once punctuation and filler words are removed (2023-09-08),match_07a_fuzzy_accepted_canonical_name,
Barrett_2009,Borya longioscapa,Borya longioscapa,Borya longiscapa,APC,species,Fuzzy match of taxon name to an APC-accepted canonical name once punctuation and filler words are removed (2023-09-08),match_07a_fuzzy_accepted_canonical_name,
Barrett_2009,Bossiaea sp. Frankland (E.M. Sandiford EMS 896),Bossiaea sp. Frankland (E.M. Sandiford EMS 896),Bossiaea sp. Frankland (E.M.Sandiford EMS 896),APC,species,Fuzzy match of taxon name to an APC-accepted canonical name once punctuation and filler words are removed (2023-09-08),match_07a_fuzzy_accepted_canonical_name,
Barrett_2009,Callistachys lanceolatum,Callistachys lanceolatum,Callistachys lanceolata,APC,species,Fuzzy match of taxon name to an APC-accepted canonical name once punctuation and filler words are removed (2023-09-08),match_07a_fuzzy_accepted_canonical_name,
Barrett_2009,Calothamnus quadridus,Calothamnus quadridus,Calothamnus quadrifidus,APC,species,Fuzzy match of taxon name to an APC-accepted canonical name once punctuation and filler words are removed (2023-09-08),match_07a_fuzzy_accepted_canonical_name,
Barrett_2009,Calothamus gracilis,Calothamus gracilis,Calothamnus gracilis,APC,species,Fuzzy match of taxon name to an APC-accepted canonical name once punctuation and filler words are removed (2023-09-08),match_07a_fuzzy_accepted_canonical_name,
Barrett_2009,Caustis sp. Boyanup (G.S. McCutcheon 1706),Caustis sp. Boyanup (G.S. McCutcheon 1706),Caustis sp. Boyanup (G.S.McCutcheon 1706),APC,species,Fuzzy match of taxon name to an APC-accepted canonical name once punctuation and filler words are removed (2023-09-08),match_07a_fuzzy_accepted_canonical_name,
Barrett_2009,Choralaena quercifolia,Choralaena quercifolia,Chorilaena quercifolia,APC,species,Fuzzy match of taxon name to an APC-accepted canonical name once punctuation and filler words are removed (2023-09-08),match_07a_fuzzy_accepted_canonical_name,
Barrett_2009,Conospermum distichium,Conospermum distichium,Conospermum distichum,APC,species,Fuzzy match of taxon name to an APC-accepted canonical name once punctuation and filler words are removed (2023-09-08),match_07a_fuzzy_accepted_canonical_name,
Barrett_2009,Conospermum distichium,Conospermum distichium,Conospermum distichum,APC,species,Fuzzy match of taxon name to an APC-accepted canonical name once punctuation and filler words are removed (2023-09-08),match_07a_fuzzy_accepted_canonical_name,
Barrett_2009,Conospermum leianthumssp leianthum,Conospermum leianthumssp leianthum,Conospermum leianthum subsp. leianthum,APC,subspecies,Fuzzy match of taxon name to an APC-accepted canonical name once punctuation and filler words are removed (2023-09-08),match_07a_fuzzy_accepted_canonical_name,
Barrett_2009,Cyathostemon sp. Dowak (J.M. Fox 86/271),Cyathostemon sp. Dowak (J.M. Fox 86/271),Cyathostemon sp. Dowak (J.M.Fox 86/271),APC,species,Fuzzy match of taxon name to an APC-accepted canonical name once punctuation and filler words are removed (2023-09-08),match_07a_fuzzy_accepted_canonical_name,
Barrett_2009,Cyathostemon sp. Lake King (M.E. & M.E. Trudgen 1462),Cyathostemon sp. Lake King (M.E. & M.E. Trudgen 1462),Cyathostemon sp. Lake King (M.E. & M.E.Trudgen 1462),APC,species,Fuzzy match of taxon name to an APC-accepted canonical name once punctuation and filler words are removed (2023-09-08),match_07a_fuzzy_accepted_canonical_name,
Barrett_2009,Cyathostemon sp. Salmon Gums (B. Archer 769),Cyathostemon sp. Salmon Gums (B. Archer 769),Cyathostemon sp. Salmon Gums (B.Archer 769),APC,species,Fuzzy match of taxon name to an APC-accepted canonical name once punctuation and filler words are removed (2023-09-08),match_07a_fuzzy_accepted_canonical_name,
Barrett_2009,Darwinia sp. Gibson (R.D. Royce 3569),Darwinia sp. Gibson (R.D. Royce 3569),Darwinia sp. Gibson (R.D.Royce 3569),APC,species,Fuzzy match of taxon name to an APC-accepted canonical name once punctuation and filler words are removed (2023-09-08),match_07a_fuzzy_accepted_canonical_name,
Barrett_2009,Darwinia sp. Mt Baring (K.R. Newbey 9775),Darwinia sp. Mt Baring (K.R. Newbey 9775),Darwinia sp. Mt Baring (K.R.Newbey 9775),APC,species,Fuzzy match of taxon name to an APC-accepted canonical name once punctuation and filler words are removed (2023-09-08),match_07a_fuzzy_accepted_canonical_name,
Barrett_2009,Darwinia sp. Mt Burdett (N.G. Marchant 80/42),Darwinia sp. Mt Burdett (N.G. Marchant 80/42),Darwinia sp. Mt Burdett (N.G.Marchant 80/42),APC,species,Fuzzy match of taxon name to an APC-accepted canonical name once punctuation and filler words are removed (2023-09-08),match_07a_fuzzy_accepted_canonical_name,
Barrett_2009,Darwinia sp. Mt Ney (M.A. Burgman & S. McNee 1274),Darwinia sp. Mt Ney (M.A. Burgman & S. McNee 1274),Darwinia sp. Mt Ney (M.A.Burgman & S.McNee 1274),APC,species,Fuzzy match of taxon name to an APC-accepted canonical name once punctuation and filler words are removed (2023-09-08),match_07a_fuzzy_accepted_canonical_name,
Barrett_2009,Darwinia sp. Mt Ragged (S. Barrett 663),Darwinia sp. Mt Ragged (S. Barrett 663),Darwinia sp. Mt Ragged (S.Barrett 663),APC,species,Fuzzy match of taxon name to an APC-accepted canonical name once punctuation and filler words are removed (2023-09-08),match_07a_fuzzy_accepted_canonical_name,
Barrett_2009,Darwinia sp. Peak Charles (A.S. George 10627),Darwinia sp. Peak Charles (A.S. George 10627),Darwinia sp. Peak Charles (A.S.George 10627),APC,species,Fuzzy match of taxon name to an APC-accepted canonical name once punctuation and filler words are removed (2023-09-08),match_07a_fuzzy_accepted_canonical_name,
Barrett_2009,Davieisa argillaceae,Davieisa argillaceae,Daviesia argillacea,APC,species,Fuzzy match of taxon name to an APC-accepted canonical name once punctuation and filler words are removed (2023-09-08),match_07a_fuzzy_accepted_canonical_name,
Barrett_2009,Davieisa lancifolia,Davieisa lancifolia,Daviesia lancifolia,APC,species,Fuzzy match of taxon name to an APC-accepted canonical name once punctuation and filler words are removed (2023-09-08),match_07a_fuzzy_accepted_canonical_name,
Barrett_2009,Davieisa nematophylla,Davieisa nematophylla,Daviesia nematophylla,APC,species,Fuzzy match of taxon name to an APC-accepted canonical name once punctuation and filler words are removed (2023-09-08),match_07a_fuzzy_accepted_canonical_name,
Barrett_2009,Davieisa teretifolia,Davieisa teretifolia,Daviesia teretifolia,APC,species,Fuzzy match of taxon name to an APC-accepted canonical name once punctuation and filler words are removed (2023-09-08),match_07a_fuzzy_accepted_canonical_name,
Barrett_2009,Daviesia sarrissa,Daviesia sarrissa,Daviesia sarissa,APC,species,Fuzzy match of taxon name to an APC-accepted canonical name once punctuation and filler words are removed (2023-09-08),match_07a_fuzzy_accepted_canonical_name,
Barrett_2009,Daviesia spinossisima,Daviesia spinossisima,Daviesia spinosissima,APC,species,Fuzzy match of taxon name to an APC-accepted canonical name once punctuation and filler words are removed (2023-09-08),match_07a_fuzzy_accepted_canonical_name,
Barrett_2009,Desmocladus flexuosa,Desmocladus flexuosa,Desmocladus flexuosus,APC,species,Fuzzy match of taxon name to an APC-accepted canonical name once punctuation and filler words are removed (2023-09-08),match_07a_fuzzy_accepted_canonical_name,
Barrett_2009,Dodanaea ceratocarpa,Dodanaea ceratocarpa,Dodonaea ceratocarpa,APC,species,Fuzzy match of taxon name to an APC-accepted canonical name once punctuation and filler words are removed (2023-09-08),match_07a_fuzzy_accepted_canonical_name,
Barrett_2009,Dodanaea stenozyga,Dodanaea stenozyga,Dodonaea stenozyga,APC,species,Fuzzy match of taxon name to an APC-accepted canonical name once punctuation and filler words are removed (2023-09-08),match_07a_fuzzy_accepted_canonical_name,
Barrett_2009,Dodanaea viscosa,Dodanaea viscosa,Dodonaea viscosa,APC,species,Fuzzy match of taxon name to an APC-accepted canonical name once punctuation and filler words are removed (2023-09-08),match_07a_fuzzy_accepted_canonical_name,
Barrett_2009,Eucalyptus dolichoryncha,Eucalyptus dolichoryncha,Eucalyptus dolichorhyncha,APC,species,Fuzzy match of taxon name to an APC-accepted canonical name once punctuation and filler words are removed (2023-09-08),match_07a_fuzzy_accepted_canonical_name,
Barrett_2009,Eremophila glabra ssp. Scaddan (C. Turley s.n. 10/11/2005),Eremophila glabra subsp. Scaddan (C. Turley s.n. 10/11/2005),Eremophila glabra subsp. Scaddan (C.Turley s.n. 10/11/2005),APC,subspecies,Fuzzy match of taxon name to an APC-accepted canonical name once punctuation and filler words are removed (2023-09-08),match_07a_fuzzy_accepted_canonical_name,
Barrett_2009,Eucalyptus bupestrium,Eucalyptus bupestrium,Eucalyptus buprestium,APC,species,Fuzzy match of taxon name to an APC-accepted canonical name once punctuation and filler words are removed (2023-09-08),match_07a_fuzzy_accepted_canonical_name,
Barrett_2009,Eucalyptus dolichoryncha,Eucalyptus dolichoryncha,Eucalyptus dolichorhyncha,APC,species,Fuzzy match of taxon name to an APC-accepted canonical name once punctuation and filler words are removed (2023-09-08),match_07a_fuzzy_accepted_canonical_name,
Barrett_2009,Eucalyptus garderni,Eucalyptus garderni,Eucalyptus gardneri,APC,species,Fuzzy match of taxon name to an APC-accepted canonical name once punctuation and filler words are removed (2023-09-08),match_07a_fuzzy_accepted_canonical_name,
Barrett_2009,Eucalyptus gardneri ssp. Ravensthorpensis,Eucalyptus gardneri subsp. Ravensthorpensis,Eucalyptus gardneri subsp. ravensthorpensis,APC,subspecies,Fuzzy match of taxon name to an APC-accepted canonical name once punctuation and filler words are removed (2023-09-08),match_07a_fuzzy_accepted_canonical_name,
Barrett_2009,Eucalyptus gonaiantha,Eucalyptus gonaiantha,Eucalyptus goniantha,APC,species,Fuzzy match of taxon name to an APC-accepted canonical name once punctuation and filler words are removed (2023-09-08),match_07a_fuzzy_accepted_canonical_name,
Barrett_2009,Eucalyptus lehamanii,Eucalyptus lehamanii,Eucalyptus lehmannii,APC,species,Fuzzy match of taxon name to an APC-accepted canonical name once punctuation and filler words are removed (2023-09-08),match_07a_fuzzy_accepted_canonical_name,
Barrett_2009,Eucalyptus lehmanii ssp. parallela,Eucalyptus lehmanii subsp. parallela,Eucalyptus lehmannii subsp. parallela,APC,subspecies,Fuzzy match of taxon name to an APC-accepted canonical name once punctuation and filler words are removed (2023-09-08),match_07a_fuzzy_accepted_canonical_name,
Barrett_2009,Eucalyptus newbyii,Eucalyptus newbyii,Eucalyptus newbeyi,APC,species,Fuzzy match of taxon name to an APC-accepted canonical name once punctuation and filler words are removed (2023-09-08),match_07a_fuzzy_accepted_canonical_name,
Barrett_2009,Eucalyptus ocidentalis,Eucalyptus ocidentalis,Eucalyptus occidentalis,APC,species,Fuzzy match of taxon name to an APC-accepted canonical name once punctuation and filler words are removed (2023-09-08),match_07a_fuzzy_accepted_canonical_name,
Barrett_2009,Eucalyptus praeterissima,Eucalyptus praeterissima,Eucalyptus praetermissa,APC,species,Fuzzy match of taxon name to an APC-accepted canonical name once punctuation and filler words are removed (2023-09-08),match_07a_fuzzy_accepted_canonical_name,
Barrett_2009,Eucalyptus sp. Esperance (M.E. French 1579),Eucalyptus sp. Esperance (M.E. French 1579),Eucalyptus sp. Esperance (M.E.French 1579),APC,species,Fuzzy match of taxon name to an APC-accepted canonical name once punctuation and filler words are removed (2023-09-08),match_07a_fuzzy_accepted_canonical_name,
Barrett_2009,Eucalyptus tetragona,Eucalyptus tetragona,Eucalyptus tetrodonta,APC,species,Fuzzy match of taxon name to an APC-accepted canonical name once punctuation and filler words are removed (2023-09-08),match_07a_fuzzy_accepted_canonical_name,
Barrett_2009,Eucalyptus uncinatus,Eucalyptus uncinatus,Eucalyptus uncinata,APC,species,Fuzzy match of taxon name to an APC-accepted canonical name once punctuation and filler words are removed (2023-09-08),match_07a_fuzzy_accepted_canonical_name,
Barrett_2009,Eucalyptus virgineae,Eucalyptus virgineae,Eucalyptus virginea,APC,species,Fuzzy match of taxon name to an APC-accepted canonical name once punctuation and filler words are removed (2023-09-08),match_07a_fuzzy_accepted_canonical_name,
Barrett_2009,Eucalypyus protensa,Eucalypyus protensa,Eucalyptus protensa,APC,species,Fuzzy match of taxon name to an APC-accepted canonical name once punctuation and filler words are removed (2023-09-08),match_07a_fuzzy_accepted_canonical_name,
Barrett_2009,Eucalytpus decurva,Eucalytpus decurva,Eucalyptus decurva,APC,species,Fuzzy match of taxon name to an APC-accepted canonical name once punctuation and filler words are removed (2023-09-08),match_07a_fuzzy_accepted_canonical_name,
Barrett_2009,Eucalytpus kessellii,Eucalytpus kessellii,Eucalyptus kessellii,APC,species,Fuzzy match of taxon name to an APC-accepted canonical name once punctuation and filler words are removed (2023-09-08),match_07a_fuzzy_accepted_canonical_name,
Barrett_2009,Eucalytpus leptocalyx,Eucalytpus leptocalyx,Eucalyptus leptocalyx,APC,species,Fuzzy match of taxon name to an APC-accepted canonical name once punctuation and filler words are removed (2023-09-08),match_07a_fuzzy_accepted_canonical_name,
Barrett_2009,Eucalytpus ligulata ssp. stirlingica,Eucalytpus ligulata subsp. stirlingica,Eucalyptus ligulata subsp. stirlingica,APC,subspecies,Fuzzy match of taxon name to an APC-accepted canonical name once punctuation and filler words are removed (2023-09-08),match_07a_fuzzy_accepted_canonical_name,
Barrett_2009,Eucalytpus occidentalis,Eucalytpus occidentalis,Eucalyptus occidentalis,APC,species,Fuzzy match of taxon name to an APC-accepted canonical name once punctuation and filler words are removed (2023-09-08),match_07a_fuzzy_accepted_canonical_name,
Barrett_2009,Eucalytpus oleosa,Eucalytpus oleosa,Eucalyptus oleosa,APC,species,Fuzzy match of taxon name to an APC-accepted canonical name once punctuation and filler words are removed (2023-09-08),match_07a_fuzzy_accepted_canonical_name,
Barrett_2009,Eucalytpus rudis,Eucalytpus rudis,Eucalyptus rudis,APC,species,Fuzzy match of taxon name to an APC-accepted canonical name once punctuation and filler words are removed (2023-09-08),match_07a_fuzzy_accepted_canonical_name,
Barrett_2009,Eucalytpus staeri,Eucalytpus staeri,Eucalyptus staeri,APC,species,Fuzzy match of taxon name to an APC-accepted canonical name once punctuation and filler words are removed (2023-09-08),match_07a_fuzzy_accepted_canonical_name,
Barrett_2009,Eucalytpus staeri,Eucalytpus staeri,Eucalyptus staeri,APC,species,Fuzzy match of taxon name to an APC-accepted canonical name once punctuation and filler words are removed (2023-09-08),match_07a_fuzzy_accepted_canonical_name,
Barrett_2009,Eucalytus ligulata ssp. stirlingica,Eucalytus ligulata subsp. stirlingica,Eucalyptus ligulata subsp. stirlingica,APC,subspecies,Fuzzy match of taxon name to an APC-accepted canonical name once punctuation and filler words are removed (2023-09-08),match_07a_fuzzy_accepted_canonical_name,
Barrett_2009,Exocarpus aphyllus,Exocarpus aphyllus,Exocarpos aphyllus,APC,species,Fuzzy match of taxon name to an APC-accepted canonical name once punctuation and filler words are removed (2023-09-08),match_07a_fuzzy_accepted_canonical_name,
Barrett_2009,Exocarpus odoratus,Exocarpus odoratus,Exocarpos odoratus,APC,species,Fuzzy match of taxon name to an APC-accepted canonical name once punctuation and filler words are removed (2023-09-08),match_07a_fuzzy_accepted_canonical_name,
Barrett_2009,Eycalyptus sweedmaniana,Eycalyptus sweedmaniana,Eucalyptus sweedmaniana,APC,species,Fuzzy match of taxon name to an APC-accepted canonical name once punctuation and filler words are removed (2023-09-08),match_07a_fuzzy_accepted_canonical_name,
Barrett_2009,Gahnia trida,Gahnia trida,Gahnia trifida,APC,species,Fuzzy match of taxon name to an APC-accepted canonical name once punctuation and filler words are removed (2023-09-08),match_07a_fuzzy_accepted_canonical_name,
Barrett_2009,Gastrolobium muscaeum,Gastrolobium muscaeum,Gastrolobium musaceum,APC,species,Fuzzy match of taxon name to an APC-accepted canonical name once punctuation and filler words are removed (2023-09-08),match_07a_fuzzy_accepted_canonical_name,
Barrett_2009,Gastrolobium sp. East Peak (E.D. Middleton EDM 43),Gastrolobium sp. East Peak (E.D. Middleton EDM 43),Gastrolobium sp. East Peak (E.D.Middleton EDM 43),APC,species,Fuzzy match of taxon name to an APC-accepted canonical name once punctuation and filler words are removed (2023-09-08),match_07a_fuzzy_accepted_canonical_name,
Barrett_2009,Gonocarpus benthamii ssp. Stirling (C.J. Robinson 1080),Gonocarpus benthamii subsp. Stirling (C.J. Robinson 1080),Gonocarpus benthamii subsp. Stirling (C.J.Robinson 1080),APC,subspecies,Fuzzy match of taxon name to an APC-accepted canonical name once punctuation and filler words are removed (2023-09-08),match_07a_fuzzy_accepted_canonical_name,
Barrett_2009,Grammosolen sp. Mt Ridley (W.R. Archer 1210911),Grammosolen sp. Mt Ridley (W.R. Archer 1210911),Grammosolen sp. Mt Ridley (W.R.Archer 1210911),APC,species,Fuzzy match of taxon name to an APC-accepted canonical name once punctuation and filler words are removed (2023-09-08),match_07a_fuzzy_accepted_canonical_name,
Barrett_2009,Grevillea concinna subsp.. lehamanniana,Grevillea concinna subsp. lehamanniana,Grevillea concinna subsp. lemanniana,APC,subspecies,Fuzzy match of taxon name to an APC-accepted canonical name once punctuation and filler words are removed (2023-09-08),match_07a_fuzzy_accepted_canonical_name,
Barrett_2009,Grevillea didymobotyra,Grevillea didymobotyra,Grevillea didymobotrya,APC,species,Fuzzy match of taxon name to an APC-accepted canonical name once punctuation and filler words are removed (2023-09-08),match_07a_fuzzy_accepted_canonical_name,
Barrett_2009,Grevillea fasiculata,Grevillea fasiculata,Grevillea fasciculata,APC,species,Fuzzy match of taxon name to an APC-accepted canonical name once punctuation and filler words are removed (2023-09-08),match_07a_fuzzy_accepted_canonical_name,
Barrett_2009,Grevillea fasiculata,Grevillea fasiculata,Grevillea fasciculata,APC,species,Fuzzy match of taxon name to an APC-accepted canonical name once punctuation and filler words are removed (2023-09-08),match_07a_fuzzy_accepted_canonical_name,
Barrett_2009,Grevillea huegellii,Grevillea huegellii,Grevillea huegelii,APC,species,Fuzzy match of taxon name to an APC-accepted canonical name once punctuation and filler words are removed (2023-09-08),match_07a_fuzzy_accepted_canonical_name,
Barrett_2009,Grevillea huegellii,Grevillea huegellii,Grevillea huegelii,APC,species,Fuzzy match of taxon name to an APC-accepted canonical name once punctuation and filler words are removed (2023-09-08),match_07a_fuzzy_accepted_canonical_name,
Barrett_2009,Grevillea huegellii,Grevillea huegellii,Grevillea huegelii,APC,species,Fuzzy match of taxon name to an APC-accepted canonical name once punctuation and filler words are removed (2023-09-08),match_07a_fuzzy_accepted_canonical_name,
Barrett_2009,Grevilliea plurijuga,Grevilliea plurijuga,Grevillea plurijuga,APC,species,Fuzzy match of taxon name to an APC-accepted canonical name once punctuation and filler words are removed (2023-09-08),match_07a_fuzzy_accepted_canonical_name,
Barrett_2009,Hakea drupaceae,Hakea drupaceae,Hakea drupacea,APC,species,Fuzzy match of taxon name to an APC-accepted canonical name once punctuation and filler words are removed (2023-09-08),match_07a_fuzzy_accepted_canonical_name,
Barrett_2009,Hakea scoparia ssp. trycheria,Hakea scoparia subsp. trycheria,Hakea scoparia subsp. trycherica,APC,subspecies,Fuzzy match of taxon name to an APC-accepted canonical name once punctuation and filler words are removed (2023-09-08),match_07a_fuzzy_accepted_canonical_name,
Barrett_2009,Halgania sp. Peak Eleanora (M.A. Burgman 3547 B),Halgania sp. Peak Eleanora (M.A. Burgman 3547 B),Halgania sp. Peak Eleanora (M.A.Burgman 3547 B),APC,species,Fuzzy match of taxon name to an APC-accepted canonical name once punctuation and filler words are removed (2023-09-08),match_07a_fuzzy_accepted_canonical_name,
Barrett_2009,Hemigena humilis,Hemigena humilis,Hemigenia humilis,APC,species,Fuzzy match of taxon name to an APC-accepted canonical name once punctuation and filler words are removed (2023-09-08),match_07a_fuzzy_accepted_canonical_name,
Barrett_2009,Hemigena podlyarina,Hemigena podlyarina,Hemigenia podalyrina,APC,species,Fuzzy match of taxon name to an APC-accepted canonical name once punctuation and filler words are removed (2023-09-08),match_07a_fuzzy_accepted_canonical_name,
Barrett_2009,Homalaspermum firmum,Homalaspermum firmum,Homalospermum firmum,APC,species,Fuzzy match of taxon name to an APC-accepted canonical name once punctuation and filler words are removed (2023-09-08),match_07a_fuzzy_accepted_canonical_name,
Barrett_2009,Isopogon attentuatus,Isopogon attentuatus,Isopogon attenuatus,APC,species,Fuzzy match of taxon name to an APC-accepted canonical name once punctuation and filler words are removed (2023-09-08),match_07a_fuzzy_accepted_canonical_name,
Barrett_2009,Kunzea cinncinata,Kunzea cinncinata,Kunzea cincinnata,APC,species,Fuzzy match of taxon name to an APC-accepted canonical name once punctuation and filler words are removed (2023-09-08),match_07a_fuzzy_accepted_canonical_name,
Barrett_2009,Kunzea similis spp similis,Kunzea similis sp. similis,Kunzea similis subsp. similis,APC,subspecies,Fuzzy match of taxon name to an APC-accepted canonical name once punctuation and filler words are removed (2023-09-08),match_07a_fuzzy_accepted_canonical_name,
Barrett_2009,Kunzea similis ssp. mediterraneae,Kunzea similis subsp. mediterraneae,Kunzea similis subsp. mediterranea,APC,subspecies,Fuzzy match of taxon name to an APC-accepted canonical name once punctuation and filler words are removed (2023-09-08),match_07a_fuzzy_accepted_canonical_name,
Barrett_2009,Lambertia orbifolia ssp. orbifolia,Lambertia orbifolia subsp. orbifolia,Lambertia orbifolia subsp. orbifolia MS,APC,subspecies,Fuzzy match of taxon name to an APC-accepted canonical name once punctuation and filler words are removed (2023-09-08),match_07a_fuzzy_accepted_canonical_name,
Barrett_2009,Lasiopetalum sp. Denmark (B.G. Hammersley 2012),Lasiopetalum sp. Denmark (B.G. Hammersley 2012),Lasiopetalum sp. Denmark (B.G.Hammersley 2012),APC,species,Fuzzy match of taxon name to an APC-accepted canonical name once punctuation and filler words are removed (2023-09-08),match_07a_fuzzy_accepted_canonical_name,
Barrett_2009,Lasiopetalum sp. Desmond N McQuoid 653,Lasiopetalum sp. Desmond N McQuoid 653,Lasiopetalum sp. Desmond (N.McQuoid 653),APC,species,Fuzzy match of taxon name to an APC-accepted canonical name once punctuation and filler words are removed (2023-09-08),match_07a_fuzzy_accepted_canonical_name,
Barrett_2009,Latrobea pinnacula,Latrobea pinnacula,Latrobea pinnaculum,APC,species,Fuzzy match of taxon name to an APC-accepted canonical name once punctuation and filler words are removed (2023-09-08),match_07a_fuzzy_accepted_canonical_name,
Barrett_2009,Lepidosperma effusem,Lepidosperma effusem,Lepidosperma effusum,APC,species,Fuzzy match of taxon name to an APC-accepted canonical name once punctuation and filler words are removed (2023-09-08),match_07a_fuzzy_accepted_canonical_name,
Barrett_2009,Leptospermum conferetum,Leptospermum conferetum,Leptospermum confertum,APC,species,Fuzzy match of taxon name to an APC-accepted canonical name once punctuation and filler words are removed (2023-09-08),match_07a_fuzzy_accepted_canonical_name,
Barrett_2009,Leucopogon conostephoides,Leucopogon conostephoides,Leucopogon conostephioides,APC,species,Fuzzy match of taxon name to an APC-accepted canonical name once punctuation and filler words are removed (2023-09-08),match_07a_fuzzy_accepted_canonical_name,
Barrett_2009,Leucopogon sp. Barren Range (A.S. George 10092),Leucopogon sp. Barren Range (A.S. George 10092),Leucopogon sp. Barren Range (A.S.George 10092),APC,species,Fuzzy match of taxon name to an APC-accepted canonical name once punctuation and filler words are removed (2023-09-08),match_07a_fuzzy_accepted_canonical_name,
Barrett_2009,Leucopogon sp. Bonnie Hill (K.R. Newbey 9831),Leucopogon sp. Bonnie Hill (K.R. Newbey 9831),Leucopogon sp. Bonnie Hill (K.R.Newbey 9831),APC,species,Fuzzy match of taxon name to an APC-accepted canonical name once punctuation and filler words are removed (2023-09-08),match_07a_fuzzy_accepted_canonical_name,
Barrett_2009,Leucopogon sp. Ironcaps (N. Gibson & K. Brown 3070),Leucopogon sp. Ironcaps (N. Gibson & K. Brown 3070),Leucopogon sp. Ironcaps (N.Gibson & K.Brown 3070),APC,species,Fuzzy match of taxon name to an APC-accepted canonical name once punctuation and filler words are removed (2023-09-08),match_07a_fuzzy_accepted_canonical_name,
Barrett_2009,Leucopogon sp. Ongerup (A.S. George 16682),Leucopogon sp. Ongerup (A.S. George 16682),Leucopogon sp. Ongerup (A.S.George 16682),APC,species,Fuzzy match of taxon name to an APC-accepted canonical name once punctuation and filler words are removed (2023-09-08),match_07a_fuzzy_accepted_canonical_name,
Barrett_2009,Melalaueca nesophila,Melalaueca nesophila,Melaleuca nesophila,APC,species,Fuzzy match of taxon name to an APC-accepted canonical name once punctuation and filler words are removed (2023-09-08),match_07a_fuzzy_accepted_canonical_name,
Barrett_2009,Melaleuca acuimnata,Melaleuca acuimnata,Melaleuca acuminata,APC,species,Fuzzy match of taxon name to an APC-accepted canonical name once punctuation and filler words are removed (2023-09-08),match_07a_fuzzy_accepted_canonical_name,
Barrett_2009,Melaleuca cliffortoides,Melaleuca cliffortoides,Melaleuca cliffortioides,APC,species,Fuzzy match of taxon name to an APC-accepted canonical name once punctuation and filler words are removed (2023-09-08),match_07a_fuzzy_accepted_canonical_name,
Barrett_2009,Melaleuca glaberimma,Melaleuca glaberimma,Melaleuca glaberrima,APC,species,Fuzzy match of taxon name to an APC-accepted canonical name once punctuation and filler words are removed (2023-09-08),match_07a_fuzzy_accepted_canonical_name,
Barrett_2009,Melaleuca globiferra,Melaleuca globiferra,Melaleuca globifera,APC,species,Fuzzy match of taxon name to an APC-accepted canonical name once punctuation and filler words are removed (2023-09-08),match_07a_fuzzy_accepted_canonical_name,
Barrett_2009,Melaleuca globiferra,Melaleuca globiferra,Melaleuca globifera,APC,species,Fuzzy match of taxon name to an APC-accepted canonical name once punctuation and filler words are removed (2023-09-08),match_07a_fuzzy_accepted_canonical_name,
Barrett_2009,Melaleuca pentagona ssp raggedensis,Melaleuca pentagona subsp. raggedensis,Melaleuca pentagona var. raggedensis,APC,variety,Fuzzy match of taxon name to an APC-accepted canonical name once punctuation and filler words are removed (2023-09-08),match_07a_fuzzy_accepted_canonical_name,
Barrett_2009,Melaleuca pentagona ssp. latifolia,Melaleuca pentagona subsp. latifolia,Melaleuca pentagona var. latifolia,APC,variety,Fuzzy match of taxon name to an APC-accepted canonical name once punctuation and filler words are removed (2023-09-08),match_07a_fuzzy_accepted_canonical_name,
Barrett_2009,Melaleuca violaceae,Melaleuca violaceae,Melaleuca violacea,APC,species,Fuzzy match of taxon name to an APC-accepted canonical name once punctuation and filler words are removed (2023-09-08),match_07a_fuzzy_accepted_canonical_name,
Barrett_2009,Meleluca spathulata,Meleluca spathulata,Melaleuca spathulata,APC,species,Fuzzy match of taxon name to an APC-accepted canonical name once punctuation and filler words are removed (2023-09-08),match_07a_fuzzy_accepted_canonical_name,
Barrett_2009,Melleuca pulchella,Melleuca pulchella,Melaleuca pulchella,APC,species,Fuzzy match of taxon name to an APC-accepted canonical name once punctuation and filler words are removed (2023-09-08),match_07a_fuzzy_accepted_canonical_name,
Barrett_2009,Microcorys sp. Boxwood (K.R. Newbey 4200),Microcorys sp. Boxwood (K.R. Newbey 4200),Microcorys sp. Boxwood (K.R.Newbey 4200),APC,species,Fuzzy match of taxon name to an APC-accepted canonical name once punctuation and filler words are removed (2023-09-08),match_07a_fuzzy_accepted_canonical_name,
Barrett_2009,Microcorys sp. Stirling Range (S. Barrett 1392),Microcorys sp. Stirling Range (S. Barrett 1392),Microcorys sp. Stirling Range (S.Barrett 1392),APC,species,Fuzzy match of taxon name to an APC-accepted canonical name once punctuation and filler words are removed (2023-09-08),match_07a_fuzzy_accepted_canonical_name,
Barrett_2009,Microlaena stipioides,Microlaena stipioides,Microlaena stipoides,APC,species,Fuzzy match of taxon name to an APC-accepted canonical name once punctuation and filler words are removed (2023-09-08),match_07a_fuzzy_accepted_canonical_name,
Barrett_2009,Mirbelia dilata,Mirbelia dilata,Mirbelia dilatata,APC,species,Fuzzy match of taxon name to an APC-accepted canonical name once punctuation and filler words are removed (2023-09-08),match_07a_fuzzy_accepted_canonical_name,
Barrett_2009,Myoporum tetrandum,Myoporum tetrandum,Myoporum tetrandrum,APC,species,Fuzzy match of taxon name to an APC-accepted canonical name once punctuation and filler words are removed (2023-09-08),match_07a_fuzzy_accepted_canonical_name,
Barrett_2009,Pericalymma spongicaule,Pericalymma spongicaule,Pericalymma spongiocaule,APC,species,Fuzzy match of taxon name to an APC-accepted canonical name once punctuation and filler words are removed (2023-09-08),match_07a_fuzzy_accepted_canonical_name,
Barrett_2009,Petrophile phyllicoides,Petrophile phyllicoides,Petrophile phylicoides,APC,species,Fuzzy match of taxon name to an APC-accepted canonical name once punctuation and filler words are removed (2023-09-08),match_07a_fuzzy_accepted_canonical_name,
Barrett_2009,Petrophile serrurieae,Petrophile serrurieae,Petrophile serruriae,APC,species,Fuzzy match of taxon name to an APC-accepted canonical name once punctuation and filler words are removed (2023-09-08),match_07a_fuzzy_accepted_canonical_name,
Barrett_2009,Phyllantus scaber,Phyllantus scaber,Phyllanthus scaber,APC,species,Fuzzy match of taxon name to an APC-accepted canonical name once punctuation and filler words are removed (2023-09-08),match_07a_fuzzy_accepted_canonical_name,
Barrett_2009,Platysace sp. Stirling (J.M. Fox 88/262),Platysace sp. Stirling (J.M. Fox 88/262),Platysace sp. Stirling (J.M.Fox 88/262),APC,species,Fuzzy match of taxon name to an APC-accepted canonical name once punctuation and filler words are removed (2023-09-08),match_07a_fuzzy_accepted_canonical_name,
Barrett_2009,Poa drummoniana,Poa drummoniana,Poa drummondiana,APC,species,Fuzzy match of taxon name to an APC-accepted canonical name once punctuation and filler words are removed (2023-09-08),match_07a_fuzzy_accepted_canonical_name,
Barrett_2009,Poa porphryoclados,Poa porphryoclados,Poa porphyroclados,APC,species,Fuzzy match of taxon name to an APC-accepted canonical name once punctuation and filler words are removed (2023-09-08),match_07a_fuzzy_accepted_canonical_name,
Barrett_2009,Prostanthera verticllaris,Prostanthera verticllaris,Prostanthera verticillaris,APC,species,Fuzzy match of taxon name to an APC-accepted canonical name once punctuation and filler words are removed (2023-09-08),match_07a_fuzzy_accepted_canonical_name,
Barrett_2009,Pulenaea calycina ssp. proxaena,Pulenaea calycina subsp. proxaena,Pultenaea calycina subsp. proxena,APC,subspecies,Fuzzy match of taxon name to an APC-accepted canonical name once punctuation and filler words are removed (2023-09-08),match_07a_fuzzy_accepted_canonical_name,
Barrett_2009,Pultenaea calycina ssp. proxaena,Pultenaea calycina subsp. proxaena,Pultenaea calycina subsp. proxena,APC,subspecies,Fuzzy match of taxon name to an APC-accepted canonical name once punctuation and filler words are removed (2023-09-08),match_07a_fuzzy_accepted_canonical_name,
Barrett_2009,Pultenaeae heteroclita,Pultenaeae heteroclita,Pultenaea heterochila,APC,species,Fuzzy match of taxon name to an APC-accepted canonical name once punctuation and filler words are removed (2023-09-08),match_07a_fuzzy_accepted_canonical_name,
Barrett_2009,Pultenaeae heteroclita,Pultenaeae heteroclita,Pultenaea heterochila,APC,species,Fuzzy match of taxon name to an APC-accepted canonical name once punctuation and filler words are removed (2023-09-08),match_07a_fuzzy_accepted_canonical_name,
Barrett_2009,Pultenaeae verruculosa,Pultenaeae verruculosa,Pultenaea verruculosa,APC,species,Fuzzy match of taxon name to an APC-accepted canonical name once punctuation and filler words are removed (2023-09-08),match_07a_fuzzy_accepted_canonical_name,
Barrett_2009,Rorripa dictyosperma,Rorripa dictyosperma,Rorippa dictyosperma,APC,species,Fuzzy match of taxon name to an APC-accepted canonical name once punctuation and filler words are removed (2023-09-08),match_07a_fuzzy_accepted_canonical_name,
Barrett_2009,Sanatalum acuminatum,Sanatalum acuminatum,Santalum acuminatum,APC,species,Fuzzy match of taxon name to an APC-accepted canonical name once punctuation and filler words are removed (2023-09-08),match_07a_fuzzy_accepted_canonical_name,
Barrett_2009,Schoenus sp. Grassy (E. Gude & J. Harvey 250),Schoenus sp. Grassy (E. Gude & J. Harvey 250),Schoenus sp. Grassy (E.Gude & J.Harvey 250),APC,species,Fuzzy match of taxon name to an APC-accepted canonical name once punctuation and filler words are removed (2023-09-08),match_07a_fuzzy_accepted_canonical_name,
Barrett_2009,Schoenus sp. Grey Rhizome (K.L. Wilson 2922),Schoenus sp. Grey Rhizome (K.L. Wilson 2922),Schoenus sp. Grey Rhizome (K.L.Wilson 2922),APC,species,Fuzzy match of taxon name to an APC-accepted canonical name once punctuation and filler words are removed (2023-09-08),match_07a_fuzzy_accepted_canonical_name,
Barrett_2009,Schoenus sp. Mt Barker (G.J. Keighery 9679),Schoenus sp. Mt Barker (G.J. Keighery 9679),Schoenus sp. Mt Barker (G.J.Keighery 9679),APC,species,Fuzzy match of taxon name to an APC-accepted canonical name once punctuation and filler words are removed (2023-09-08),match_07a_fuzzy_accepted_canonical_name,
Barrett_2009,Schoenus sp. Stirling (G.J. Keighery 3427),Schoenus sp. Stirling (G.J. Keighery 3427),Schoenus sp. Stirling (G.J.Keighery 3427),APC,species,Fuzzy match of taxon name to an APC-accepted canonical name once punctuation and filler words are removed (2023-09-08),match_07a_fuzzy_accepted_canonical_name,
Barrett_2009,Senna artesmoides,Senna artesmoides,Senna artemisioides,APC,species,Fuzzy match of taxon name to an APC-accepted canonical name once punctuation and filler words are removed (2023-09-08),match_07a_fuzzy_accepted_canonical_name,
Barrett_2009,Senna artesmoides ssp filifolia,Senna artesmoides subsp. filifolia,Senna artemisioides subsp. filifolia,APC,subspecies,Fuzzy match of taxon name to an APC-accepted canonical name once punctuation and filler words are removed (2023-09-08),match_07a_fuzzy_accepted_canonical_name,
Barrett_2009,Senna artesmoides ssp. filifolia,Senna artesmoides subsp. filifolia,Senna artemisioides subsp. filifolia,APC,subspecies,Fuzzy match of taxon name to an APC-accepted canonical name once punctuation and filler words are removed (2023-09-08),match_07a_fuzzy_accepted_canonical_name,
Barrett_2009,Sphenotoma sp. Stirling Range (P.G. Wilson 4235),Sphenotoma sp. Stirling Range (P.G. Wilson 4235),Sphenotoma sp. Stirling Range (P.G.Wilson 4235),APC,species,Fuzzy match of taxon name to an APC-accepted canonical name once punctuation and filler words are removed (2023-09-08),match_07a_fuzzy_accepted_canonical_name,
Barrett_2009,Spryidium globulosum,Spryidium globulosum,Spyridium globulosum,APC,species,Fuzzy match of taxon name to an APC-accepted canonical name once punctuation and filler words are removed (2023-09-08),match_07a_fuzzy_accepted_canonical_name,
Barrett_2009,Stirlingia anaethifolia,Stirlingia anaethifolia,Stirlingia anethifolia,APC,species,Fuzzy match of taxon name to an APC-accepted canonical name once punctuation and filler words are removed (2023-09-08),match_07a_fuzzy_accepted_canonical_name,
Barrett_2009,Styphelia hainsii,Styphelia hainsii,Styphelia hainesii,APC,species,Fuzzy match of taxon name to an APC-accepted canonical name once punctuation and filler words are removed (2023-09-08),match_07a_fuzzy_accepted_canonical_name,
Barrett_2009,Tetratheca sp. Kent River (B.G. Hammersley 1791),Tetratheca sp. Kent River (B.G. Hammersley 1791),Tetratheca sp. Kent River (B.G.Hammersley 1791),APC,species,Fuzzy match of taxon name to an APC-accepted canonical name once punctuation and filler words are removed (2023-09-08),match_07a_fuzzy_accepted_canonical_name,
Barrett_2009,Thomasia sp. Toolbrunup (G.J. Keighery 9895),Thomasia sp. Toolbrunup (G.J. Keighery 9895),Thomasia sp. Toolbrunup (G.J.Keighery 9895),APC,species,Fuzzy match of taxon name to an APC-accepted canonical name once punctuation and filler words are removed (2023-09-08),match_07a_fuzzy_accepted_canonical_name,
Barrett_2009,Tribonanthes sp. Lake Muir (G.J. Keighery & N. Gibson 2134),Tribonanthes sp. Lake Muir (G.J. Keighery & N. Gibson 2134),Tribonanthes sp. Lake Muir (G.J.Keighery & N.Gibson 2134),APC,species,Fuzzy match of taxon name to an APC-accepted canonical name once punctuation and filler words are removed (2023-09-08),match_07a_fuzzy_accepted_canonical_name,
Barrett_2009,Trymalium odaritissimum,Trymalium odaritissimum,Trymalium odoratissimum,APC,species,Fuzzy match of taxon name to an APC-accepted canonical name once punctuation and filler words are removed (2023-09-08),match_07a_fuzzy_accepted_canonical_name,
Barrett_2009,Vericorida longistylis,Vericorida longistylis,Verticordia longistylis,APC,species,Fuzzy match of taxon name to an APC-accepted canonical name once punctuation and filler words are removed (2023-09-08),match_07a_fuzzy_accepted_canonical_name,
Barrett_2009,Verticodia pityrhops,Verticodia pityrhops,Verticordia pityrhops,APC,species,Fuzzy match of taxon name to an APC-accepted canonical name once punctuation and filler words are removed (2023-09-08),match_07a_fuzzy_accepted_canonical_name,
Barrett_2009,Verticordia helicrysantha,Verticordia helicrysantha,Verticordia helichrysantha,APC,species,Fuzzy match of taxon name to an APC-accepted canonical name once punctuation and filler words are removed (2023-09-08),match_07a_fuzzy_accepted_canonical_name,
Barrett_2009,Wurmbea sp. Cranbrook (A.R. Annels 3819),Wurmbea sp. Cranbrook (A.R. Annels 3819),Wurmbea sp. Cranbrook (A.R.Annels 3819),APC,species,Fuzzy match of taxon name to an APC-accepted canonical name once punctuation and filler words are removed (2023-09-08),match_07a_fuzzy_accepted_canonical_name,
Barrett_2009,Xanthorrhoea playtphylla,Xanthorrhoea playtphylla,Xanthorrhoea platyphylla,APC,species,Fuzzy match of taxon name to an APC-accepted canonical name once punctuation and filler words are removed (2023-09-08),match_07a_fuzzy_accepted_canonical_name,
Barrett_2009,Andersonia jamesii,Andersonia jamesii,Andersonia jamesii MS,APC,species,Fuzzy match of taxon name to an APC-known canonical name once punctuation and filler words are removed (2023-09-08),match_07b_fuzzy_known_canonical_name,
Barrett_2009,Andersonia jamesii,Andersonia jamesii,Andersonia jamesii MS,APC,species,Fuzzy match of taxon name to an APC-known canonical name once punctuation and filler words are removed (2023-09-08),match_07b_fuzzy_known_canonical_name,
Barrett_2009,Astartea sp. Esperance (A. Fairall 2431),Astartea sp. Esperance (A. Fairall 2431),Astartea sp. Esperance (A.Fairall 2431),APC,species,Fuzzy match of taxon name to an APC-known canonical name once punctuation and filler words are removed (2023-09-08),match_07b_fuzzy_known_canonical_name,
Barrett_2009,Astartea sp. Fitzgerald (K.R. Newbey 10844),Astartea sp. Fitzgerald (K.R. Newbey 10844),Astartea sp. Fitzgerald (K.R.Newbey 10844),APC,species,Fuzzy match of taxon name to an APC-known canonical name once punctuation and filler words are removed (2023-09-08),match_07b_fuzzy_known_canonical_name,
Barrett_2009,Astartea sp. Hopetoun area (A.S. George 10594),Astartea sp. Hopetoun area (A.S. George 10594),Astartea sp. Hopetoun area (A.S.George 10594),APC,species,Fuzzy match of taxon name to an APC-known canonical name once punctuation and filler words are removed (2023-09-08),match_07b_fuzzy_known_canonical_name,
Barrett_2009,Astartea sp. Jerdacuttup (A. Strid 21898),Astartea sp. Jerdacuttup (A. Strid 21898),Astartea sp. Jerdacuttup (A.Strid 21898),APC,species,Fuzzy match of taxon name to an APC-known canonical name once punctuation and filler words are removed (2023-09-08),match_07b_fuzzy_known_canonical_name,
Barrett_2009,Astartea sp. Jyndabinbin Rocks (K.R. Newbey 7689),Astartea sp. Jyndabinbin Rocks (K.R. Newbey 7689),Astartea sp. Jyndabinbin Rocks (K.R.Newbey 7689),APC,species,Fuzzy match of taxon name to an APC-known canonical name once punctuation and filler words are removed (2023-09-08),match_07b_fuzzy_known_canonical_name,
Barrett_2009,Astartea sp. Mt Johnston (A.R. Annels 5645),Astartea sp. Mt Johnston (A.R. Annels 5645),Astartea sp. Mt Johnston (A.R.Annels 5645),APC,species,Fuzzy match of taxon name to an APC-known canonical name once punctuation and filler words are removed (2023-09-08),match_07b_fuzzy_known_canonical_name,
Barrett_2009,Asterolasia sp. Kalgan River (S. Barrett 1522),Asterolasia sp. Kalgan River (S. Barrett 1522),Asterolasia sp. Kalgan River (S.Barrett 1522),APC,species,Fuzzy match of taxon name to an APC-known canonical name once punctuation and filler words are removed (2023-09-08),match_07b_fuzzy_known_canonical_name,
Barrett_2009,Baeckea crassifolia subsp.. icosandra,Baeckea crassifolia subsp. icosandra,Baeckea crassifolia var. icosandra,APC,variety,Fuzzy match of taxon name to an APC-known canonical name once punctuation and filler words are removed (2023-09-08),match_07b_fuzzy_known_canonical_name,
Barrett_2009,Baeckea sp. Exclamation Lake (M.E. Trudgen 1524),Baeckea sp. Exclamation Lake (M.E. Trudgen 1524),Baeckea sp. Exclamation Lake (M.E.Trudgen 1524),APC,species,Fuzzy match of taxon name to an APC-known canonical name once punctuation and filler words are removed (2023-09-08),match_07b_fuzzy_known_canonical_name,
Barrett_2009,Baeckea sp. Merredin (K.R. Newbey 2506),Baeckea sp. Merredin (K.R. Newbey 2506),Baeckea sp. Merredin (K.R.Newbey 2506),APC,species,Fuzzy match of taxon name to an APC-known canonical name once punctuation and filler words are removed (2023-09-08),match_07b_fuzzy_known_canonical_name,
Barrett_2009,Baumea articulata,Baumea articulata,Bassia articulata,APC,species,Fuzzy match of taxon name to an APC-known canonical name once punctuation and filler words are removed (2023-09-08),match_07b_fuzzy_known_canonical_name,
Barrett_2009,Calochilus sp. Hopetoun (H. Taylor s.n.),Calochilus sp. Hopetoun (H. Taylor s.n.),Calochilus sp. Hopetoun (H.Taylor s.n.),APC,species,Fuzzy match of taxon name to an APC-known canonical name once punctuation and filler words are removed (2023-09-08),match_07b_fuzzy_known_canonical_name,
Barrett_2009,Calothamnus sp. Mt Lindesay (B.G. Hammersley 439),Calothamnus sp. Mt Lindesay (B.G. Hammersley 439),Calothamnus sp. Mt Lindesay (B.G.Hammersley 439),APC,species,Fuzzy match of taxon name to an APC-known canonical name once punctuation and filler words are removed (2023-09-08),match_07b_fuzzy_known_canonical_name,
Barrett_2009,Darwinia sp. Stirling Range (G.J. Keighery 5732),Darwinia sp. Stirling Range (G.J. Keighery 5732),Darwinia sp. (Stirling Range) G.J.Keighery 5732,APC,species,Fuzzy match of taxon name to an APC-known canonical name once punctuation and filler words are removed (2023-09-08),match_07b_fuzzy_known_canonical_name,
Barrett_2009,Eucalyptus sp. Fitzgerald River (M.I.H. Brooker 10923),Eucalyptus sp. Fitzgerald River (M.I.H. Brooker 10923),Eucalyptus sp. Fitzgerald River (M.I.H.Brooker 10923),APC,species,Fuzzy match of taxon name to an APC-known canonical name once punctuation and filler words are removed (2023-09-08),match_07b_fuzzy_known_canonical_name,
Barrett_2009,Eucalytpus redacta,Eucalytpus redacta,Eucalyptus redacta,APC,species,Fuzzy match of taxon name to an APC-known canonical name once punctuation and filler words are removed (2023-09-08),match_07b_fuzzy_known_canonical_name,
Barrett_2009,Grevilea rufa,Grevilea rufa,Grevillea rufa,APC,species,Fuzzy match of taxon name to an APC-known canonical name once punctuation and filler words are removed (2023-09-08),match_07b_fuzzy_known_canonical_name,
Barrett_2009,Gyrostemon sp. Ravensthorpe (G. Cockerton & N. Evelegh 9467),Gyrostemon sp. Ravensthorpe (G. Cockerton & N. Evelegh 9467),Gyrostemon sp. Ravensthorpe (G.Cockerton & N.Evelegh 9467),APC,species,Fuzzy match of taxon name to an APC-known canonical name once punctuation and filler words are removed (2023-09-08),match_07b_fuzzy_known_canonical_name,
Barrett_2009,Hibbertia sp. Bandalup Hill (G.F. Craig 3479),Hibbertia sp. Bandalup Hill (G.F. Craig 3479),Hibbertia sp. Bandalup Hill (G.F.Craig 3479),APC,species,Fuzzy match of taxon name to an APC-known canonical name once punctuation and filler words are removed (2023-09-08),match_07b_fuzzy_known_canonical_name,
Barrett_2009,Hydrocotyle coraginaensis,Hydrocotyle coraginaensis,Hydrocotyle coraginaensis MS,APC,species,Fuzzy match of taxon name to an APC-known canonical name once punctuation and filler words are removed (2023-09-08),match_07b_fuzzy_known_canonical_name,
Barrett_2009,Hydrocotyle decipiens,Hydrocotyle decipiens,Hydrocotyle decipiens MS,APC,species,Fuzzy match of taxon name to an APC-known canonical name once punctuation and filler words are removed (2023-09-08),match_07b_fuzzy_known_canonical_name,
Barrett_2009,Hydrocotyle sp. Truslove (M.A. Burgman 4419),Hydrocotyle sp. Truslove (M.A. Burgman 4419),Hydrocotyle sp. Truslove (M.A.Burgman 4419),APC,species,Fuzzy match of taxon name to an APC-known canonical name once punctuation and filler words are removed (2023-09-08),match_07b_fuzzy_known_canonical_name,
Barrett_2009,Hydrocotyle vigintimilia,Hydrocotyle vigintimilia,Hydrocotyle vigintimilia MS,APC,species,Fuzzy match of taxon name to an APC-known canonical name once punctuation and filler words are removed (2023-09-08),match_07b_fuzzy_known_canonical_name,
Barrett_2009,Keraudrenia adenogyna,Keraudrenia adenogyna,Keraudrenia adenogyna MS,APC,species,Fuzzy match of taxon name to an APC-known canonical name once punctuation and filler words are removed (2023-09-08),match_07b_fuzzy_known_canonical_name,
Barrett_2009,Leucopogon sp. Roberts Swamp (K.R. Newbey 8173),Leucopogon sp. Roberts Swamp (K.R. Newbey 8173),Leucopogon sp. Roberts Swamp (K.R.Newbey 8173),APC,species,Fuzzy match of taxon name to an APC-known canonical name once punctuation and filler words are removed (2023-09-08),match_07b_fuzzy_known_canonical_name,
Barrett_2009,Leucopogon sp. South Coast (K.R. Newbey 8213),Leucopogon sp. South Coast (K.R. Newbey 8213),Leucopogon sp. South Coast (K.R.Newbey 8213),APC,species,Fuzzy match of taxon name to an APC-known canonical name once punctuation and filler words are removed (2023-09-08),match_07b_fuzzy_known_canonical_name,
Barrett_2009,Melaleuca cornicarpa,Melaleuca cornicarpa,Melaleuca coronicarpa,APC,species,Fuzzy match of taxon name to an APC-known canonical name once punctuation and filler words are removed (2023-09-08),match_07b_fuzzy_known_canonical_name,
Barrett_2009,Melaleuca sp. Kundip (G.F. Craig 6020),Melaleuca sp. Kundip (G.F. Craig 6020),Melaleuca sp. Kundip (G.F.Craig 6020),APC,species,Fuzzy match of taxon name to an APC-known canonical name once punctuation and filler words are removed (2023-09-08),match_07b_fuzzy_known_canonical_name,
Barrett_2009,Philotheca gardneri ssp. Ravensthorpe (G.F. Craig 6902),Philotheca gardneri subsp. Ravensthorpe (G.F. Craig 6902),Philotheca gardneri subsp. Ravensthorpe (G.F.Craig 6902),APC,subspecies,Fuzzy match of taxon name to an APC-known canonical name once punctuation and filler words are removed (2023-09-08),match_07b_fuzzy_known_canonical_name,
Barrett_2009,Pterostylis sp. Ongerup (K.R. Newbey 4874),Pterostylis sp. Ongerup (K.R. Newbey 4874),Pterostylis sp. Ongerup (K.R.Newbey 4874),APC,species,Fuzzy match of taxon name to an APC-known canonical name once punctuation and filler words are removed (2023-09-08),match_07b_fuzzy_known_canonical_name,
Barrett_2009,Pultenaea sp. Kundip (G.F. Craig 6008),Pultenaea sp. Kundip (G.F. Craig 6008),Pultenaea sp. Kundip (G.F.Craig 6008),APC,species,Fuzzy match of taxon name to an APC-known canonical name once punctuation and filler words are removed (2023-09-08),match_07b_fuzzy_known_canonical_name,
Barrett_2009,Rulingia apella,Rulingia apella,Rulingia apella MS,APC,species,Fuzzy match of taxon name to an APC-known canonical name once punctuation and filler words are removed (2023-09-08),match_07b_fuzzy_known_canonical_name,
Barrett_2009,Scaevola sp. Waychinicup (E.M. Sandiford EMS 1336),Scaevola sp. Waychinicup (E.M. Sandiford EMS 1336),Scaevola sp. Waychinicup (E.M.Sandiford EMS 1336),APC,species,Fuzzy match of taxon name to an APC-known canonical name once punctuation and filler words are removed (2023-09-08),match_07b_fuzzy_known_canonical_name,
Barrett_2009,Stylidium sp. Bluff Knoll (S. Barrett s.n. 8/11/1994),Stylidium sp. Bluff Knoll (S. Barrett s.n. 8/11/1994),Stylidium sp. Bluff Knoll (S.Barrett s.n. 8/11/1994),APC,species,Fuzzy match of taxon name to an APC-known canonical name once punctuation and filler words are removed (2023-09-08),match_07b_fuzzy_known_canonical_name,
Barrett_2009,Cladia ferdinandii,Cladia ferdinandii,Cladia ferdinandii,APNI,species,Exact match of taxon name to an APNI-listed canonical name once punctuation and filler words are removed (2023-09-08),match_08a_APNI_canonical_name,
Barrett_2009,Degelia flabellata,Degelia flabellata,Degelia flabellata,APNI,species,Exact match of taxon name to an APNI-listed canonical name once punctuation and filler words are removed (2023-09-08),match_08a_APNI_canonical_name,
Barrett_2009,Hakea cygna ssp. cygna,Hakea cygna subsp. cygna,Hakea cygna subsp. cygna,APNI,subspecies,Exact match of taxon name to an APNI-listed canonical name once punctuation and filler words are removed (2023-09-08),match_08a_APNI_canonical_name,
Barrett_2009,Hakea cygna subsp.. cygna,Hakea cygna subsp. cygna,Hakea cygna subsp. cygna,APNI,subspecies,Exact match of taxon name to an APNI-listed canonical name once punctuation and filler words are removed (2023-09-08),match_08a_APNI_canonical_name,
Barrett_2009,Lasiopetalum membraniflorum,Lasiopetalum membraniflorum,Lasiopetalum membraniflorum,APNI,species,Exact match of taxon name to an APNI-listed canonical name once punctuation and filler words are removed (2023-09-08),match_08a_APNI_canonical_name,
Barrett_2009,Otion rigidum,Otion rigidum,Otion rigidum,APNI,species,Exact match of taxon name to an APNI-listed canonical name once punctuation and filler words are removed (2023-09-08),match_08a_APNI_canonical_name,
Barrett_2009,Parmeliopsis macrospora,Parmeliopsis macrospora,Parmeliopsis macrospora,APNI,species,Exact match of taxon name to an APNI-listed canonical name once punctuation and filler words are removed (2023-09-08),match_08a_APNI_canonical_name,
Barrett_2009,Pleurophascum occidentale,Pleurophascum occidentale,Pleurophascum occidentale,APNI,species,Exact match of taxon name to an APNI-listed canonical name once punctuation and filler words are removed (2023-09-08),match_08a_APNI_canonical_name,
Barrett_2009,Sphagnum novozelandicum,Sphagnum novozelandicum,Sphagnum novozelandicum,APNI,species,Exact match of taxon name to an APNI-listed canonical name once punctuation and filler words are removed (2023-09-08),match_08a_APNI_canonical_name,
Barrett_2009,Beaufortia aff schaueri,Beaufortia aff. schaueri,Beaufortia sp. [Beaufortia aff. schaueri; Barrett_2009],APC,genus,Exact match to APC genus. Taxon name includes 'affinis' or 'aff' indicating an unknown taxon that bears an affinity to a different taxon in the same genus and taxon can only be aligned to genus-rank (2023-09-08),match_09a_species_affinis_APC_exact,
Barrett_2009,Calothamnus affinis,Calothamnus aff.,Calothamnus sp. [Calothamnus aff.; Barrett_2009],APC,genus,Exact match to APC genus. Taxon name includes 'affinis' or 'aff' indicating an unknown taxon that bears an affinity to a different taxon in the same genus and taxon can only be aligned to genus-rank (2023-09-08),match_09a_species_affinis_APC_exact,
Barrett_2009,Eucalyptus sp. aff uncinata,Eucalyptus sp. aff. uncinata,Eucalyptus sp. [Eucalyptus sp. aff. uncinata; Barrett_2009],APC,genus,Exact match to APC genus. Taxon name includes 'affinis' or 'aff' indicating an unknown taxon that bears an affinity to a different taxon in the same genus and taxon can only be aligned to genus-rank (2023-09-08),match_09a_species_affinis_APC_exact,
Barrett_2009,Eucalyptus aff cornuta,Eucalyptus aff. cornuta,Eucalyptus sp. [Eucalyptus aff. cornuta; Barrett_2009],APC,genus,Exact match to APC genus. Taxon name includes 'affinis' or 'aff' indicating an unknown taxon that bears an affinity to a different taxon in the same genus and taxon can only be aligned to genus-rank (2023-09-08),match_09a_species_affinis_APC_exact,
Barrett_2009,Gastrolobium aff bilobum Corackerup,Gastrolobium aff. bilobum Corackerup,Gastrolobium sp. [Gastrolobium aff. bilobum Corackerup; Barrett_2009],APC,genus,Exact match to APC genus. Taxon name includes 'affinis' or 'aff' indicating an unknown taxon that bears an affinity to a different taxon in the same genus and taxon can only be aligned to genus-rank (2023-09-08),match_09a_species_affinis_APC_exact,
Barrett_2009,Grevillea aff nudiflora,Grevillea aff. nudiflora,Grevillea sp. [Grevillea aff. nudiflora; Barrett_2009],APC,genus,Exact match to APC genus. Taxon name includes 'affinis' or 'aff' indicating an unknown taxon that bears an affinity to a different taxon in the same genus and taxon can only be aligned to genus-rank (2023-09-08),match_09a_species_affinis_APC_exact,
Barrett_2009,Grevillea infundibularis x aff nudiflora,Grevillea infundibularis x aff. nudiflora,Grevillea sp. [Grevillea infundibularis x aff. nudiflora; Barrett_2009],APC,genus,Exact match to APC genus. Taxon name includes 'affinis' or 'aff' indicating an unknown taxon that bears an affinity to a different taxon in the same genus and taxon can only be aligned to genus-rank (2023-09-08),match_09a_species_affinis_APC_exact,
Barrett_2009,Rinzia affinis,Rinzia aff.,Rinzia sp. [Rinzia aff.; Barrett_2009],APC,genus,Exact match to APC genus. Taxon name includes 'affinis' or 'aff' indicating an unknown taxon that bears an affinity to a different taxon in the same genus and taxon can only be aligned to genus-rank (2023-09-08),match_09a_species_affinis_APC_exact,
Barrett_2009,Banksia rufa ssp. chemelocarpa,Banksia rufa subsp. chemelocarpa,B+A1763anksia rufa subsp. chelomacarpa,APC,subspecies,Imprecise fuzzy match of taxon name to an APC-accepted canonical name once punctuation and filler words are removed (2023-09-08),match_10a_imprecise_fuzzy_accepted_canonical_name,
Barrett_2009,Eucalyptus buprestium x Eucalyptus ligulata,Eucalyptus buprestium x Eucalyptus ligulata,Eucalyptus x [Eucalyptus buprestium x Eucalyptus ligulata; Barrett_2009],APC,species,Exact match to APC genus. Taxon name includes ' x ' indicating a hybrid taxon and taxon can only be aligned to genus-rank (2023-09-08),match_10a_imprecise_fuzzy_accepted_canonical_name,x
Barrett_2009,Goodenia sp. South Coast (A.R. Annels ARA1846),Goodenia sp. South Coast (A.R. Annels ARA1846),Goodenia sp. South Coast (A.R.Annels 1846),APC,species,Imprecise fuzzy match of taxon name to an APC-accepted canonical name once punctuation and filler words are removed (2023-09-08),match_10a_imprecise_fuzzy_accepted_canonical_name,
Barrett_2009,Hypocalymma sp. Cascade (R. Bruhn 20896),Hypocalymma sp. Cascade (R. Bruhn 20896),Hypocalymma sp. Cascade (R.Bruhn 20896 CAS),APC,species,Imprecise fuzzy match of taxon name to an APC-accepted canonical name once punctuation and filler words are removed (2023-09-08),match_10a_imprecise_fuzzy_accepted_canonical_name,
Barrett_2009,Andersonia lazulina,Andersonia lazulina,Andersonia sp. [Andersonia lazulina;  Barrett_2009],APC,species,Exact match of the first word of the taxon name to an APC-accepted genus (2023-09-08),match_10b_imprecise_fuzzy_known_canonical_name,x
Barrett_2009,Commersonia sp. Mt Groper (R. Cranfield & D. Kabay 9157),Commersonia sp. Mt Groper (R. Cranfield & D. Kabay 9157),Commersonia sp. Mount Groper (R.Cranfield & D.Kabay 9157),APC,species,Imprecise fuzzy match of taxon name to an APC-known canonical name once punctuation and filler words are removed (2023-09-08),match_10b_imprecise_fuzzy_known_canonical_name,
Barrett_2009,Eryngium ferox,Eryngium ferox,Eryngium ferox MS,APC,species,Imprecise fuzzy match of taxon name to an APC-known canonical name once punctuation and filler words are removed (2023-09-08),match_10b_imprecise_fuzzy_known_canonical_name,
Barrett_2009,Eucalyptus decipiens x Eucalyptus falcata,Eucalyptus decipiens x Eucalyptus falcata,Eucalyptus x [Eucalyptus decipiens x Eucalyptus falcata; Barrett_2009],APC,species,Exact match to APC genus. Taxon name includes ' x ' indicating a hybrid taxon and taxon can only be aligned to genus-rank (2023-09-08),match_10b_imprecise_fuzzy_known_canonical_name,x
Barrett_2009,Eucalyptus goniantha notac,Eucalyptus goniantha notac,Eucalyptus goniantha subsp. notactites,APC,subspecies,Imprecise fuzzy match of taxon name to an APC-known canonical name once punctuation and filler words are removed (2023-09-08),match_10b_imprecise_fuzzy_known_canonical_name,
Barrett_2009,Adenanthos ellipticus x Adenanthos cuneatus,Adenanthos ellipticus x Adenanthos cuneatus,Adenanthos x [Adenanthos ellipticus x Adenanthos cuneatus; Barrett_2009],APC,genus,Exact match to APC genus. Taxon name includes ' x ' indicating a hybrid taxon and taxon can only be aligned to genus-rank (2023-09-08),match_11a_hybrid_taxon_exact,
Barrett_2009,Eucalyptus loxophleba x Eucalyptus spathulata,Eucalyptus loxophleba x Eucalyptus spathulata,Eucalyptus x [Eucalyptus loxophleba x Eucalyptus spathulata; Barrett_2009],APC,genus,Exact match to APC genus. Taxon name includes ' x ' indicating a hybrid taxon and taxon can only be aligned to genus-rank (2023-09-08),match_11a_hybrid_taxon_exact,
Barrett_2009,Eucalyptus occidentalis x Eucalyptus platypus,Eucalyptus occidentalis x Eucalyptus platypus,Eucalyptus x [Eucalyptus occidentalis x Eucalyptus platypus; Barrett_2009],APC,genus,Exact match to APC genus. Taxon name includes ' x ' indicating a hybrid taxon and taxon can only be aligned to genus-rank (2023-09-08),match_11a_hybrid_taxon_exact,
Barrett_2009,Eucalyptus acies x Eucalyptus preissiana,Eucalyptus acies x Eucalyptus preissiana,Eucalyptus x [Eucalyptus acies x Eucalyptus preissiana; Barrett_2009],APC,genus,Exact match to APC genus. Taxon name includes ' x ' indicating a hybrid taxon and taxon can only be aligned to genus-rank (2023-09-08),match_11a_hybrid_taxon_exact,
Barrett_2009,Eucalyptus buprestium x Eucalyptus erectifolia,Eucalyptus buprestium x Eucalyptus erectifolia,Eucalyptus x [Eucalyptus buprestium x Eucalyptus erectifolia; Barrett_2009],APC,genus,Exact match to APC genus. Taxon name includes ' x ' indicating a hybrid taxon and taxon can only be aligned to genus-rank (2023-09-08),match_11a_hybrid_taxon_exact,
Barrett_2009,Eucalyptus buprestium x Eucalyptus staeri,Eucalyptus buprestium x Eucalyptus staeri,Eucalyptus x [Eucalyptus buprestium x Eucalyptus staeri; Barrett_2009],APC,genus,Exact match to APC genus. Taxon name includes ' x ' indicating a hybrid taxon and taxon can only be aligned to genus-rank (2023-09-08),match_11a_hybrid_taxon_exact,
Barrett_2009,Eucalyptus marginata x Eucalyptus pachyloma,Eucalyptus marginata x Eucalyptus pachyloma,Eucalyptus x [Eucalyptus marginata x Eucalyptus pachyloma; Barrett_2009],APC,genus,Exact match to APC genus. Taxon name includes ' x ' indicating a hybrid taxon and taxon can only be aligned to genus-rank (2023-09-08),match_11a_hybrid_taxon_exact,
Barrett_2009,Eucalyptus occidentalis x Eucalyptus utilis,Eucalyptus occidentalis x Eucalyptus utilis,Eucalyptus x [Eucalyptus occidentalis x Eucalyptus utilis; Barrett_2009],APC,genus,Exact match to APC genus. Taxon name includes ' x ' indicating a hybrid taxon and taxon can only be aligned to genus-rank (2023-09-08),match_11a_hybrid_taxon_exact,
Barrett_2009,Eucalyptus preissiana x Eucalyptus staeri,Eucalyptus preissiana x Eucalyptus staeri,Eucalyptus x [Eucalyptus preissiana x Eucalyptus staeri; Barrett_2009],APC,genus,Exact match to APC genus. Taxon name includes ' x ' indicating a hybrid taxon and taxon can only be aligned to genus-rank (2023-09-08),match_11a_hybrid_taxon_exact,
Barrett_2009,Eucalyptus retusa x Eucalyptus cornuta,Eucalyptus retusa x Eucalyptus cornuta,Eucalyptus x [Eucalyptus retusa x Eucalyptus cornuta; Barrett_2009],APC,genus,Exact match to APC genus. Taxon name includes ' x ' indicating a hybrid taxon and taxon can only be aligned to genus-rank (2023-09-08),match_11a_hybrid_taxon_exact,
Barrett_2009,Eucalyptus retusa x Eucalyptus cuspidata,Eucalyptus retusa x Eucalyptus cuspidata,Eucalyptus x [Eucalyptus retusa x Eucalyptus cuspidata; Barrett_2009],APC,genus,Exact match to APC genus. Taxon name includes ' x ' indicating a hybrid taxon and taxon can only be aligned to genus-rank (2023-09-08),match_11a_hybrid_taxon_exact,
Barrett_2009,Acacia drewiana spp minor,Acacia drewiana sp. minor,Acacia drewiana subsp. minor,APC,subspecies,Exact match of the first three words of the taxon name to an APC-accepted canonical name (2023-09-08),match_12a_trinomial_exact_accepted,
Barrett_2009,Acacia heteroclita spp heteroclita,Acacia heteroclita sp. heteroclita,Acacia heteroclita subsp. heteroclita,APC,subspecies,Exact match of the first three words of the taxon name to an APC-accepted canonical name (2023-09-08),match_12a_trinomial_exact_accepted,
Barrett_2009,Conostylis seorsiflora ssp. Nyabing(A.Coates s.n.),Conostylis seorsiflora subsp. Nyabing(A.Coates s.n.),Conostylis seorsiflora subsp. Nyabing (A.Coates s.n. 2/10/1998),APC,subspecies,Exact match of the first three words of the taxon name to an APC-accepted canonical name (2023-09-08),match_12a_trinomial_exact_accepted,
Barrett_2009,Darwinia sp. Mt Ragged,Darwinia sp. Mt Ragged,Darwinia sp. Mt Ragged (S.Barrett 663),APC,species,Exact match of the first three words of the taxon name to an APC-accepted canonical name (2023-09-08),match_12a_trinomial_exact_accepted,
Barrett_2009,Daviesia incrassata spp. reversifolia,Daviesia incrassata sp. reversifolia,Daviesia incrassata subsp. reversifolia,APC,subspecies,Exact match of the first three words of the taxon name to an APC-accepted canonical name (2023-09-08),match_12a_trinomial_exact_accepted,
Barrett_2009,Hakea pandanicarpa spp crassifolia,Hakea pandanicarpa sp. crassifolia,Hakea pandanicarpa subsp. crassifolia,APC,subspecies,Exact match of the first three words of the taxon name to an APC-accepted canonical name (2023-09-08),match_12a_trinomial_exact_accepted,
Barrett_2009,Leucopogon Kau Rock,Leucopogon Kau Rock,Leucopogon sp. Kau Rock (M.A.Burgman 1126),APC,species,Exact match of the first three words of the taxon name to an APC-accepted canonical name (2023-09-08),match_12a_trinomial_exact_accepted,
Barrett_2009,Leucopogon sp. Southern granite,Leucopogon sp. Southern granite,Leucopogon sp. Southern Granite (E.D.Middleton EDM 266),APC,species,Exact match of the first three words of the taxon name to an APC-accepted canonical name (2023-09-08),match_12a_trinomial_exact_accepted,
Barrett_2009,Melaleuca pauperiflora spp pauperiflora,Melaleuca pauperiflora sp. pauperiflora,Melaleuca pauperiflora subsp. pauperiflora,APC,subspecies,Exact match of the first three words of the taxon name to an APC-accepted canonical name (2023-09-08),match_12a_trinomial_exact_accepted,
Barrett_2009,Petrophile squamata ssp. northern,Petrophile squamata subsp. northern,Petrophile squamata subsp. Northern (J.Monks 40),APC,subspecies,Exact match of the first three words of the taxon name to an APC-accepted canonical name (2023-09-08),match_12a_trinomial_exact_accepted,
Barrett_2009,Baeckea crispiflora ssp. Ongerup (A. Scougall & C.,Baeckea crispiflora subsp. Ongerup (A. Scougall & C.,Baeckea crispiflora subsp. Ongerup (A.Scougall & C.Garawanta E35),APC,subspecies,Exact match of the first three words of the taxon name to an APC-known canonical name (2023-09-08),match_12b_trinomial_exact_known,
Barrett_2009,Banksia mucronulata sp. retrorsa,Banksia mucronulata sp. retrorsa,Banksia mucronulata subsp. retrorsa,APC,subspecies,Exact match of the first three words of the taxon name to an APC-known canonical name (2023-09-08),match_12b_trinomial_exact_known,
Barrett_2009,Calothamnus sp. Mt Lindesay,Calothamnus sp. Mt Lindesay,Calothamnus sp. Mt Lindesay (B.G.Hammersley 439),APC,species,Exact match of the first three words of the taxon name to an APC-known canonical name (2023-09-08),match_12b_trinomial_exact_known,
Barrett_2009,Laxamnnia grandiflora spp brendae,Laxamnnia grandiflora sp. brendae,Laxmannia grandiflora subsp. brendae,APC,subspecies,Fuzzy match of the first three words of the taxon name to an APC-accepted canonical name (2023-09-08),match_13a_trinomial_fuzzy_accepted,
Barrett_2009,Apium prostratum ssp. phillipi,Apium prostratum subsp. phillipi,Apium prostratum subsp. phillipii MS,APC,subspecies,Fuzzy match of the first three words of the taxon name to an APC-known canonical name (2023-09-08),match_13b_trinomial_fuzzy_known,
Barrett_2009,Chamaluacium floriferum floriferum,Chamaluacium floriferum floriferum,Chamelaucium floriferum subsp. floriferum MS,APC,subspecies,Fuzzy match of the first three words of the taxon name to an APC-known canonical name (2023-09-08),match_13b_trinomial_fuzzy_known,
Barrett_2009,Philotheca gardneri spp Ravesnthorpe,Philotheca gardneri sp. Ravesnthorpe,Philotheca gardneri subsp. Ravensthorpe (G.F.Craig 6902),APC,subspecies,Fuzzy match of the first three words of the taxon name to an APC-known canonical name (2023-09-08),match_13b_trinomial_fuzzy_known,
Barrett_2009,Agonis baxteri (obtusissima),Agonis baxteri (obtusissima),Agonis baxteri,APC,species,Exact match of the first two words of the taxon name to an APC-accepted canonical name (2023-09-08),match_14a_binomial_exact_accepted,
Barrett_2009,Banksia brownii Coastal,Banksia brownii Coastal,Banksia brownii,APC,species,Exact match of the first two words of the taxon name to an APC-accepted canonical name (2023-09-08),match_14a_binomial_exact_accepted,
Barrett_2009,Banksia brownii Stirling Range,Banksia brownii Stirling Range,Banksia brownii,APC,species,Exact match of the first two words of the taxon name to an APC-accepted canonical name (2023-09-08),match_14a_binomial_exact_accepted,
Barrett_2009,Eucalyptus astringens subsp. 'kundip',Eucalyptus astringens subsp. 'kundip',Eucalyptus astringens,APC,species,Exact match of the first two words of the taxon name to an APC-accepted canonical name (2023-09-08),match_14a_binomial_exact_accepted,
Barrett_2009,Eucalyptus balanopelex,Eucalyptus balanopelex,Eucalyptus x balanopelex,APC,species,Exact match of the first two words of the taxon name to an APC-accepted canonical name (2023-09-08),match_14a_binomial_exact_accepted,
Barrett_2009,Eucalyptus decipiens subsp adesmo.,Eucalyptus decipiens subsp. adesmo.,Eucalyptus decipiens subsp. adesmophloia,APC,species,Manual match to APC-accepted or APC-known canonical name (E. Wenk; 2023-09-08),match_14a_binomial_exact_accepted,x
Barrett_2009,Eucalyptus decipiens subsp. adesmo.,Eucalyptus decipiens subsp. adesmo.,Eucalyptus decipiens subsp. adesmophloia,APC,species,Manual match to APC-accepted or APC-known canonical name (E. Wenk; 2023-09-08),match_14a_binomial_exact_accepted,x
Barrett_2009,Gahnia sp. L,Gahnia sp. L,Gahnia sp. L (K.R.Newbey 7888),APC,species,Exact match of the first two words of the taxon name to an APC-accepted canonical name (2023-09-08),match_14a_binomial_exact_accepted,
Barrett_2009,Gastrolobium sp. crenulatum capitate (E. & S. Pignatti 1588),Gastrolobium sp. crenulatum capitate (E. & S. Pignatti 1588),Gastrolobium crenulatum,APC,species,Exact match of the first two words of the taxon name to an APC-accepted canonical name (2023-09-08),match_14a_binomial_exact_accepted,
Barrett_2009,Grevillea pauciflora ssp. axatilis,Grevillea pauciflora subsp. axatilis,Grevilleapauciflorasubsp.saxatilis,APC,species,Manual match to APC-accepted or APC-known canonical name (E. Wenk; 2023-09-08),match_14a_binomial_exact_accepted,x
Barrett_2009,Grevillea sp. 'nivea',Grevillea sp. 'nivea',Grevillea nivea,APC,species,Exact match of the first two words of the taxon name to an APC-accepted canonical name (2023-09-08),match_14a_binomial_exact_accepted,
Barrett_2009,Isopogon sp Fitzgerald,Isopogon sp. Fitzgerald,Isopogon sp. Fitzgerald River (D.B.Foreman 813),APC,species,Exact match of the first two words of the taxon name to an APC-accepted canonical name (2023-09-08),match_14a_binomial_exact_accepted,
Barrett_2009,Isopogon sp. Fitzgerald,Isopogon sp. Fitzgerald,Isopogon sp. Fitzgerald River (D.B.Foreman 813),APC,species,Exact match of the first two words of the taxon name to an APC-accepted canonical name (2023-09-08),match_14a_binomial_exact_accepted,
Barrett_2009,Lasiopetalum sp. Denmark,Lasiopetalum sp. Denmark,Lasiopetalum sp. Denmark (B.G.Hammersley 2012),APC,species,Exact match of the first two words of the taxon name to an APC-accepted canonical name (2023-09-08),match_14a_binomial_exact_accepted,
Barrett_2009,Sphenotoma sp. Stirling,Sphenotoma sp. Stirling,Sphenotoma sp. Stirling Range (P.G.Wilson 4235),APC,species,Exact match of the first two words of the taxon name to an APC-accepted canonical name (2023-09-08),match_14a_binomial_exact_accepted,
Barrett_2009,Actinotus sp Walpole,Actinotus sp. Walpole,Actinotus sp. Walpole (J.R.Wheeler & S.J.Patrick 3786),APC,species,Exact match of the first two words of the taxon name to an APC-known canonical name (2023-09-08),match_14b_binomial_exact_known,
Barrett_2009,Astartea sp. staminodes,Astartea sp. staminodes,Astartea sp. staminodes (A.Strid 21584),APC,species,Exact match of the first two words of the taxon name to an APC-known canonical name (2023-09-08),match_14b_binomial_exact_known,
Barrett_2009,Asterolasia sp. Kalgan,Asterolasia sp. Kalgan,Asterolasia sp. Kalgan River (S.Barrett 1522),APC,species,Exact match of the first two words of the taxon name to an APC-known canonical name (2023-09-08),match_14b_binomial_exact_known,
Barrett_2009,Banksia tenuifolia ssp tenuifolia,Banksia tenuifolia subsp. tenuifolia,Banksia tenuifolia,APC,species,Exact match of the first two words of the taxon name to an APC-known canonical name (2023-09-08),match_14b_binomial_exact_known,
Barrett_2009,Calothamnus sp. Kundip,Calothamnus sp. Kundip,Calothamnus sp. Kundip (A.S.George & E.G.H.Oliver ASG17657),APC,species,Exact match of the first two words of the taxon name to an APC-known canonical name (2023-09-08),match_14b_binomial_exact_known,
Barrett_2009,Calytrix sp. Esperance,Calytrix sp. Esperance,Calytrix sp. Esperance (M.A.Burgman 4268A),APC,species,Exact match of the first two words of the taxon name to an APC-known canonical name (2023-09-08),match_14b_binomial_exact_known,
Barrett_2009,Calytrix sp. Esperance,Calytrix sp. Esperance,Calytrix sp. Esperance (M.A.Burgman 4268A),APC,species,Exact match of the first two words of the taxon name to an APC-known canonical name (2023-09-08),match_14b_binomial_exact_known,
Barrett_2009,Chamelaucium forrestii ssp. forrestii,Chamelaucium forrestii subsp. forrestii,Chamelaucium forrestii,APC,species,Exact match of the first two words of the taxon name to an APC-known canonical name (2023-09-08),match_14b_binomial_exact_known,
Barrett_2009,Eucalyptus sp. dendrosheath,Eucalyptus sp. dendrosheath,Eucalyptus dendrosheath MS,APC,species,Exact match of the first two words of the taxon name to an APC-known canonical name (2023-09-08),match_14b_binomial_exact_known,
Barrett_2009,Hakea crassifolia spp pandanicarpa,Hakea crassifolia sp. pandanicarpa,Hakea crassifolia,APC,species,Exact match of the first two words of the taxon name to an APC-known canonical name (2023-09-08),match_14b_binomial_exact_known,
Barrett_2009,Hakea crassifolia ssp. pandanicarpa,Hakea crassifolia subsp. pandanicarpa,Hakea crassifolia,APC,species,Exact match of the first two words of the taxon name to an APC-known canonical name (2023-09-08),match_14b_binomial_exact_known,
Barrett_2009,Melaleuca sp. Gorse,Melaleuca sp. Gorse,Melaleuca sp. Gorse (A.S.George 7224),APC,species,Exact match of the first two words of the taxon name to an APC-known canonical name (2023-09-08),match_14b_binomial_exact_known,
Barrett_2009,Melaleuca sp. Kundip,Melaleuca sp. Kundip,Melaleuca sp. Kundip (G.F.Craig 6020),APC,species,Exact match of the first two words of the taxon name to an APC-known canonical name (2023-09-08),match_14b_binomial_exact_known,
Barrett_2009,Isopogon sp. Ravesnthorpe,Isopogon sp. Ravesnthorpe,Isopogon sp. Ravensthorpe (D.B.Foreman 1207),APC,species,Fuzzy match of the first two words of the taxon name to an APC-accepted canonical name (2023-09-08),match_15a_binomial_fuzzy_accepted,
Barrett_2009,Eucalytpus kalganensis,Eucalytpus kalganensis,Eucalyptus x kalganensis,APC,species,Fuzzy match of the first two words of the taxon name to an APC-known canonical name (2023-09-08),match_15b_binomial_fuzzy_known,
Barrett_2009,Rulingia coryfolia,Rulingia coryfolia,Rulingia corylifolia,APC,species,Fuzzy match of the first two words of the taxon name to an APC-known canonical name (2023-09-08),match_15b_binomial_fuzzy_known,
Barrett_2009,Grevillea sp. Stirling Range (D.J. McGillivray 3488 & A.S. George),Grevillea sp. Stirling Range (D.J. McGillivray 3488 & A.S. George),Grevillea sp. Stirling Range (D.J.McGillivray 3488 & A.S.George),APNI,species,Fuzzy match of taxon name to an APNI-listed canonical name once punctuation and filler words are removed (2023-09-08),match_16a_fuzzy_APNI_canonical,
Barrett_2009,Rhacocarpus rehmannianus var.. webbianus,Rhacocarpus rehmannianus var. webbianus,Rhacocarpus rehmannianus,APNI,species,Exact match of the first two words of the taxon name to an APNI-listed canonical name (2023-09-08),match_19a_binomial_exact_APNI,
Barrett_2009,Allocasuarina preissii,Allocasuarina preissii,Allocasuarina sp. [Allocasuarina preissii; Barrett_2009],APC,genus,Exact match of the first word of the taxon name to an APC-accepted genus (2023-09-08),match_20a_genus_exact_accepted,
Barrett_2009,Astartea sp.Fitzgerald(K.R.Newbey 10844),Astartea sp.Fitzgerald(K.R.Newbey 10844),Astarteasp. Fitzgerald (K.R.Newbey 10844),APC,genus,Manual match to APC-accepted or APC-known canonical name (E. Wenk; 2023-09-08),match_20a_genus_exact_accepted,x
Barrett_2009,Astroloma sp.Nannup(R.D.Royce 3978),Astroloma sp.Nannup(R.D.Royce 3978),Astrolomasp. Nannup (R.D.Royce 3978),APC,genus,Manual match to APC-accepted or APC-known canonical name (E. Wenk; 2023-09-08),match_20a_genus_exact_accepted,x
Barrett_2009,Banksia calyei,Banksia calyei,Banksiacaleyi,APC,genus,Manual match to APC-accepted or APC-known canonical name (E. Wenk; 2023-09-08),match_20a_genus_exact_accepted,x
Barrett_2009,Beyeria sp. Ravensthorpe,Beyeria sp. Ravensthorpe,Beyeriasp. A Ravensthorpe (A.S.George 9474),APC,genus,Manual match to APC-accepted or APC-known canonical name (E. Wenk; 2023-09-08),match_20a_genus_exact_accepted,x
Barrett_2009,Darwinia sp.Thumb Peak(K.R.Newbey 4847),Darwinia sp.Thumb Peak(K.R.Newbey 4847),Darwiniasp. Thumb Peak (K.R.Newbey 4847),APC,genus,Manual match to APC-accepted or APC-known canonical name (E. Wenk; 2023-09-08),match_20a_genus_exact_accepted,x
Barrett_2009,Eucalyptus sp mallet,Eucalyptus sp. mallet,Eucalyptus sp. [Eucalyptus sp. mallet; Barrett_2009],APC,genus,Exact match of the first word of the taxon name to an APC-accepted genus (2023-09-08),match_20a_genus_exact_accepted,
Barrett_2009,Hakea lehmanii,Hakea lehmanii,Hakea sp. [Hakea lehmanii; Barrett_2009],APC,genus,Exact match of the first word of the taxon name to an APC-accepted genus (2023-09-08),match_20a_genus_exact_accepted,
Barrett_2009,Lambertia citrina,Lambertia citrina,Lambertiaechinatasubsp.citrina,APC,genus,Manual match to APC-accepted or APC-known canonical name (E. Wenk; 2023-09-08),match_20a_genus_exact_accepted,x
Barrett_2009,Lepidosperma 'dense',Lepidosperma 'dense',Lepidosperma sp. [Lepidosperma 'dense'; Barrett_2009],APC,genus,Exact match of the first word of the taxon name to an APC-accepted genus (2023-09-08),match_20a_genus_exact_accepted,
Barrett_2009,Petrophile seorsiflora,Petrophile seorsiflora,Petrophile sp. [Petrophile seorsiflora; Barrett_2009],APC,genus,Exact match of the first word of the taxon name to an APC-accepted genus (2023-09-08),match_20a_genus_exact_accepted,
Barrett_2009,E salmonophloia,E salmonophloia,Eucalyptus salmonophloia,NA,NA,Manual match to APC-accepted or APC-known canonical name (E. Wenk; 2023-09-08),NA,x
